case,body,trailer,make,model,modelyr
1,34,0,7,482,2001
2,34,0,12,471,2003
4,14,0,23,401,2000
5,14,0,49,401,2004
6,34,0,20,481,2015
6,6,0,37,32,2010
6,4,0,58,37,2006
7,14,0,24,401,2006
8,14,0,12,401,1996
8,34,1,23,481,2009
8,4,0,6,18,2015
9,4,0,54,35,2003
9,14,0,12,401,2016
10,34,0,7,482,2005
10,2,0,24,2,2000
11,34,0,7,482,2002
12,15,0,12,422,1998
12,61,0,20,870,2013
13,21,0,12,461,2002
14,6,0,53,33,2006
15,34,0,12,481,1989
16,4,0,48,38,2004
16,66,1,82,881,2004
17,14,0,2,405,2010
18,66,1,51,881,2016
18,34,0,49,472,2003
18,15,0,20,421,2008
19,14,0,12,401,2000
19,4,0,49,40,2013
20,4,0,21,21,1999
21,4,0,18,7,2003
22,34,0,20,481,2003
22,66,1,87,884,2014
22,4,0,14,21,2009
23,34,0,12,471,1990
24,14,0,12,401,2000
25,14,0,58,401,1997
25,61,0,23,882,2005
25,4,0,37,31,2002
26,4,0,37,31,1999
26,4,0,55,33,2013
26,4,0,52,40,2003
27,34,0,7,472,2000
28,4,0,49,40,2003
28,34,1,12,481,1999
29,6,0,6,52,2002
31,4,0,13,13,2011
31,3,0,37,31,1991
32,4,0,49,32,1989
33,34,0,49,482,2002
34,4,0,55,36,2013
34,4,0,6,43,2004
35,99,0,99,999,9999
36,3,0,37,31,1998
36,2,0,22,16,2002
37,14,0,49,402,2012
38,64,0,7,881,2013
38,4,0,49,43,2000
39,4,0,35,47,2010
40,20,0,20,443,2002
41,14,0,49,401,1995
41,4,0,63,38,2015
42,34,0,12,481,2001
42,20,0,35,443,2000
42,4,0,6,51,2006
43,20,0,6,442,2000
43,66,1,85,881,2014
44,90,0,53,734,2008
44,14,0,55,401,2013
45,34,0,12,471,1996
45,63,1,98,804,2014
46,4,0,52,46,2004
47,40,0,49,472,2001
47,63,0,87,884,2012
48,21,0,23,461,1999
49,34,0,7,482,2003
50,9,0,99,399,9999
51,14,0,37,401,1995
52,21,0,23,461,1989
53,34,0,20,481,1991
54,80,0,71,706,2016
55,14,0,12,401,1996
56,4,0,54,35,2009
56,4,0,20,2,2006
57,4,0,49,40,1993
57,34,0,20,481,2011
57,6,0,2,1,2007
58,4,0,20,37,2011
58,67,0,20,880,2006
59,6,0,20,24,2009
60,4,0,37,31,2010
60,66,1,87,884,1998
61,15,0,23,421,2003
62,2,0,55,37,2001
63,2,0,37,33,1987
63,14,0,37,402,2005
64,4,0,30,40,2000
64,4,0,35,47,2005
65,4,0,35,47,2014
66,14,0,7,402,2001
66,80,0,37,705,2005
67,14,0,35,401,1998
68,34,0,7,482,2016
69,4,0,51,47,2002
70,9,0,99,399,9999
71,4,0,13,12,2001
72,34,0,7,472,2000
73,14,0,37,402,1998
74,80,0,72,706,2014
75,15,0,20,421,2005
75,80,0,53,705,2001
76,34,0,12,481,1999
76,4,0,6,51,2008
76,4,0,30,40,2012
77,4,0,34,34,2003
78,34,0,7,482,1999
79,6,0,48,34,2000
79,4,0,7,20,2003
80,5,0,37,37,2010
80,4,0,20,37,2005
80,15,0,20,421,2007
80,71,0,98,806,2016
81,14,0,2,403,2006
82,84,0,98,709,2009
83,80,0,53,704,2014
84,4,0,6,14,1990
85,34,0,20,481,2007
85,66,1,82,881,2000
86,5,0,63,32,2006
86,4,0,53,33,2003
86,20,0,7,442,2015
87,2,0,20,9,2015
88,66,1,87,884,2014
88,34,0,35,471,1995
89,34,0,12,471,1998
90,5,0,20,28,2012
91,34,0,35,471,1996
91,2,0,49,38,1992
92,4,0,41,35,1995
92,62,0,12,881,2006
93,16,0,20,431,2003
94,80,0,72,706,2001
95,34,0,7,482,1997
95,5,0,63,33,2005
96,14,0,2,404,1995
97,4,0,18,3,2002
97,5,0,41,51,2011
97,4,0,30,40,2000
98,34,0,20,481,1979
99,34,0,12,481,1999
100,34,0,20,481,1996
101,4,0,49,40,2000
102,4,0,49,40,1996
102,14,0,48,401,2010
103,80,0,73,705,2013
104,90,0,37,734,2004
105,4,0,63,34,2003
106,3,0,52,37,2001
107,80,0,76,705,2009
107,6,0,48,45,2006
109,34,0,49,471,1987
110,14,0,35,401,1995
111,2,0,49,45,2001
111,80,0,37,705,2006
111,21,0,42,461,2012
112,14,0,7,402,2000
113,14,0,48,402,2006
114,80,0,37,705,2007
115,14,0,55,401,2007
115,4,0,48,34,1997
115,66,1,85,881,1997
116,80,0,72,706,2006
116,14,0,7,402,1998
117,20,0,37,441,2007
118,4,0,49,40,1998
119,99,0,99,999,9999
120,34,0,20,481,2007
121,34,0,20,481,2001
121,80,0,72,706,2012
121,66,1,82,881,9999
122,34,0,23,481,2004
123,80,0,73,705,2006
124,34,0,20,481,1995
125,4,0,63,34,2016
125,20,0,37,441,2010
126,34,0,12,481,2007
127,90,0,98,734,2010
127,34,0,7,482,2005
128,15,0,2,422,2017
128,80,0,72,706,2014
129,80,0,72,706,2000
129,4,0,12,17,2010
129,4,0,55,35,1997
130,14,0,62,401,2003
131,20,0,7,442,2001
132,6,0,48,34,1998
133,34,0,20,471,2003
133,67,0,12,880,2006
134,71,0,12,881,1998
134,4,0,49,32,2014
135,2,0,12,3,1997
135,34,0,12,481,1997
136,34,0,7,482,2016
137,66,1,51,881,2016
138,4,0,37,32,1994
138,63,1,85,881,2007
139,34,0,12,471,1999
139,4,0,30,40,2014
141,66,1,51,881,2017
141,61,0,12,881,2015
141,5,0,41,51,2012
141,14,0,55,401,2013
142,14,0,12,401,1995
143,6,0,30,40,2002
143,63,0,12,881,2000
144,34,0,49,472,2007
145,4,0,49,40,2000
145,66,1,82,881,2005
147,4,0,52,46,2006
148,14,0,20,403,2005
149,4,0,30,40,2016
150,34,0,49,471,1994
151,14,0,49,401,2005
152,5,0,63,32,2003
153,34,0,20,481,1995
153,34,0,35,481,2009
153,34,0,20,481,2000
154,66,2,84,881,2010
155,66,1,82,881,2001
155,5,0,20,28,2013
155,2,0,30,398,1998
155,3,0,36,38,2017
156,34,0,7,482,2004
157,16,0,20,431,1994
157,4,0,49,51,2012
157,6,0,48,34,1998
158,20,0,6,441,2002
159,80,0,72,706,2017
160,4,0,35,43,2012
160,95,0,98,998,9999
160,4,0,20,2,2013
161,4,0,7,24,2007
162,2,0,20,22,2006
162,4,0,20,25,2014
163,4,0,12,37,2007
163,4,0,63,33,2003
164,4,0,12,37,2010
164,15,0,20,421,2011
165,4,0,37,32,1991
166,4,0,49,32,2003
167,4,0,14,17,2008
168,3,0,49,34,1991
169,20,0,20,441,1986
170,80,0,37,705,1998
170,2,0,37,31,2003
171,20,0,6,441,2001
171,4,0,51,46,2006
172,14,0,35,402,2007
172,4,0,37,32,1997
173,14,0,63,401,2016
175,6,0,32,42,2006
175,14,0,37,401,1998
176,14,0,52,401,1995
177,84,0,76,703,2008
178,15,0,35,421,2005
178,21,0,20,461,2001
179,80,0,37,703,2007
180,34,0,20,481,1996
180,66,1,87,884,2013
181,80,0,72,706,2016
182,3,0,37,31,1996
182,84,0,98,703,2009
183,14,0,12,402,2006
184,34,0,7,482,2004
185,90,0,98,734,2014
186,80,0,76,706,2010
187,99,0,99,999,9999
188,4,0,49,32,1998
189,5,0,35,50,2014
190,4,0,35,43,2005
191,16,0,23,431,2001
192,4,0,49,40,1998
193,34,0,20,471,1996
194,4,0,12,37,2005
194,67,0,7,880,2017
195,4,0,12,23,2014
196,80,0,98,706,2016
197,34,0,12,481,2015
198,6,0,48,31,1987
198,34,1,23,472,2008
199,80,0,73,706,2005
200,4,0,49,40,1995
200,4,0,20,2,2009
201,3,0,55,42,2013
202,4,0,54,39,2013
202,4,0,37,32,2004
202,15,0,23,421,2008
203,62,0,23,881,1995
204,34,0,20,481,2004
205,4,0,18,20,1993
205,20,0,37,441,2006
206,4,0,20,22,2008
206,14,0,12,401,2015
206,4,0,49,40,2012
206,80,0,72,706,2014
206,6,0,48,45,2015
207,34,0,35,472,2005
208,80,0,73,705,2006
209,4,0,12,13,2001
211,4,0,7,20,2000
211,80,0,53,706,2011
212,80,0,76,706,2013
213,66,1,82,881,2005
214,4,0,37,32,2014
214,34,0,20,481,2009
215,6,0,12,17,1994
216,80,0,53,705,2008
217,2,0,20,9,1995
218,14,0,52,401,2002
219,34,0,7,482,2014
220,55,0,98,870,1995
221,34,0,12,471,2000
222,34,0,12,481,2000
222,4,0,20,2,2010
223,80,0,72,706,2006
223,14,0,24,401,2006
224,4,0,6,18,2012
224,4,0,35,39,2014
224,6,0,63,37,2016
224,4,0,12,23,2015
224,14,0,59,403,2013
226,14,0,20,401,1999
227,4,0,7,41,2004
227,4,0,37,31,1999
228,6,0,48,34,2002
229,34,0,20,481,2002
230,4,0,41,35,2001
231,4,0,55,33,2014
232,66,2,87,884,2017
232,4,0,48,34,1993
233,34,0,23,481,2015
234,80,0,76,705,2015
234,20,0,49,442,2001
235,4,0,22,20,2001
236,80,0,72,706,1988
236,5,0,7,25,2008
237,80,0,37,703,2009
238,62,0,84,881,2009
238,66,1,85,881,2009
239,80,0,72,706,2002
240,80,0,73,705,2007
241,80,0,76,706,2008
242,80,0,72,706,2015
242,34,0,12,481,1983
244,14,0,2,403,2015
245,20,0,6,441,2005
246,15,0,54,421,2004
246,67,0,20,880,2007
246,6,0,6,52,2005
246,34,0,20,481,2010
247,20,0,49,442,2004
248,2,0,37,31,2004
249,2,0,34,34,2007
249,4,0,12,16,2010
250,1,0,14,398,1991
250,34,0,12,471,2002
250,34,0,7,482,2006
251,4,0,63,34,2003
251,4,0,35,47,2009
251,34,0,20,481,2003
252,80,0,98,706,2006
252,3,0,69,54,2011
253,4,0,20,2,2004
253,14,0,12,401,2015
254,61,0,12,881,2004
255,4,0,49,32,2009
255,4,0,48,34,2015
256,4,0,34,34,2004
257,39,0,12,481,1986
258,3,0,55,36,2003
258,6,0,20,24,2011
259,80,0,73,706,2005
259,6,0,49,47,2007
260,34,0,7,482,1999
261,14,0,2,404,2000
262,80,0,53,706,2014
262,20,0,49,442,1998
263,34,0,7,482,2014
264,2,0,37,32,1994
265,14,0,12,401,1995
266,4,0,30,40,1994
267,80,0,73,705,2002
267,6,0,7,27,2014
268,80,0,76,705,2002
268,5,0,37,39,2007
269,4,0,20,37,2010
270,40,0,49,472,1997
270,66,1,87,884,1990
271,4,0,34,34,2006
272,14,0,32,401,2013
273,34,0,7,482,1998
274,14,0,63,402,2006
275,80,0,72,706,1993
275,34,0,7,482,2004
275,14,0,2,405,2007
275,4,0,13,1,2007
276,6,0,35,43,1984
277,20,0,6,441,2001
277,90,0,76,734,2016
278,40,0,49,472,1996
279,34,0,20,481,2003
280,80,0,73,705,2008
280,4,0,63,34,2009
281,80,0,53,705,2000
281,4,0,49,40,2016
282,34,0,23,472,2016
283,6,0,20,23,2006
284,80,0,72,706,2013
285,4,0,55,33,2010
286,14,0,20,401,1994
286,4,0,20,37,2006
287,14,0,12,401,2006
288,98,0,97,997,9998
291,4,0,35,47,1995
291,34,1,7,482,2005
292,15,0,19,421,2004
292,34,0,12,481,2004
292,6,0,22,32,2005
292,4,0,30,40,2011
293,34,0,23,481,1999
294,15,0,19,421,2002
295,4,0,20,25,2011
295,34,0,20,481,2016
296,14,0,2,404,2006
297,4,0,13,1,2004
298,80,0,72,706,1991
298,66,0,87,884,2001
299,34,0,12,481,2003
299,3,0,12,37,2007
300,4,0,37,32,1985
300,80,0,73,705,2004
301,20,0,37,441,2001
301,34,0,20,481,2016
302,6,0,48,34,2003
303,34,0,7,472,1998
304,80,0,72,706,2016
304,4,0,49,43,2013
305,5,0,37,39,2007
305,14,0,20,402,2003
306,14,0,49,403,2004
307,4,0,32,43,2010
307,66,1,85,881,2005
307,66,1,87,884,2012
308,34,0,12,473,2002
308,66,1,82,881,2006
309,2,0,20,16,2004
309,3,0,12,37,2000
310,20,0,7,442,1998
311,4,0,37,32,2004
311,66,1,85,881,2006
312,34,0,20,473,2015
313,4,0,49,40,2007
313,63,0,51,881,2011
313,34,0,20,481,1999
314,80,0,76,706,2009
315,80,0,72,706,2008
316,82,0,72,706,2011
317,4,0,63,34,2013
318,4,0,41,35,2003
319,80,0,76,705,2013
320,4,0,20,2,2004
320,34,0,20,481,1999
320,16,0,20,431,2001
321,34,0,20,481,2003
322,2,0,7,28,2016
323,6,0,20,23,2011
323,80,0,76,706,2009
323,5,0,63,38,2015
323,14,0,35,402,2001
325,34,0,7,482,2004
325,66,1,82,881,2016
325,34,1,12,481,2011
325,14,0,20,403,2006
326,34,0,12,481,2003
327,80,0,53,706,2006
328,66,1,51,881,2013
328,66,1,82,881,2015
328,3,0,55,36,2011
328,34,0,49,472,2012
328,14,0,48,401,2002
328,34,1,7,482,2016
328,66,1,85,881,2016
329,15,0,62,423,2016
330,80,0,76,706,2000
331,80,0,76,706,2003
332,80,0,53,705,2001
333,2,0,12,3,2000
333,21,0,20,461,1990
334,61,0,52,882,2012
335,3,0,30,42,2003
336,4,0,55,35,2005
336,4,0,30,40,2013
336,2,0,49,44,2000
337,4,0,7,24,2010
337,20,0,41,441,2001
337,66,2,85,881,2007
338,6,0,32,47,2004
339,34,0,12,481,2002
340,66,1,85,881,2006
340,6,0,41,54,2011
340,67,1,7,880,2004
340,4,0,7,24,2007
340,34,0,12,481,2017
340,80,0,76,706,2007
341,4,0,49,40,2001
341,4,0,22,18,2003
342,34,0,7,482,1999
343,80,0,53,705,2001
343,1,0,12,3,2000
344,2,0,37,31,2003
344,14,0,20,401,2002
345,99,0,99,999,9999
346,80,0,37,706,2003
347,6,0,6,54,2004
348,4,0,49,32,1993
349,14,0,12,402,2013
349,5,0,55,35,2015
349,14,0,12,402,2013
350,80,0,76,705,2007
351,29,0,12,461,1988
352,2,0,35,48,2010
353,34,0,20,481,2001
354,3,0,37,31,1988
355,3,0,12,13,1993
356,4,0,30,40,2011
357,1,0,69,31,2006
358,4,0,20,2,2012
359,80,0,72,706,1995
359,4,0,30,40,2015
360,15,0,20,421,2007
361,4,0,63,38,2015
361,2,0,12,3,2006
362,99,0,99,999,9999
363,4,0,24,1,1999
363,14,0,49,403,2006
364,99,0,99,999,9999
365,14,0,49,401,1990
365,34,0,12,481,2013
366,80,0,72,706,2013
367,80,0,72,706,2017
369,15,0,20,421,2005
370,3,0,12,37,2001
371,34,0,49,471,1994
372,14,0,48,401,2017
372,80,0,72,706,2005
373,15,0,42,421,2012
374,2,0,54,37,1999
375,4,0,6,51,2007
376,4,0,42,42,2013
376,1,0,22,16,1999
377,4,0,12,37,2007
377,14,0,2,404,1997
377,66,1,85,881,1995
378,3,0,69,54,2015
378,4,0,49,32,2003
378,66,1,82,881,2012
379,4,0,49,40,1996
379,66,1,51,881,2018
380,29,0,12,461,2017
381,14,0,49,402,2013
382,34,1,12,471,2006
383,4,0,18,2,1999
383,80,0,76,709,1985
384,2,0,35,32,1997
384,4,0,49,40,2015
385,14,0,20,401,2002
385,15,0,20,421,2011
386,4,0,49,40,1999
386,66,1,84,884,1997
387,34,0,12,481,2004
388,14,0,41,402,2004
389,80,0,76,705,1984
389,34,0,20,481,2007
390,4,0,12,16,2008
391,80,0,73,706,1998
391,61,0,12,881,1999
392,80,0,37,706,1998
393,2,0,34,34,2006
394,4,0,49,40,2012
395,2,0,37,32,2008
395,80,0,34,706,2003
396,14,0,2,404,1995
397,34,0,20,481,2007
398,1,0,45,31,2005
399,15,0,12,422,2004
400,4,0,34,34,2004
400,6,0,49,46,2016
401,2,0,22,19,2007
402,4,0,13,15,2010
403,20,0,63,441,2003
404,4,0,20,37,2013
404,80,0,72,706,2013
404,80,0,72,706,2005
405,34,0,12,471,2002
406,4,0,34,35,1998
406,4,0,7,20,2002
407,34,0,20,471,2002
408,78,9,99,884,9999
408,67,0,12,880,2016
409,4,0,49,40,2011
410,14,0,49,401,1990
411,4,0,37,31,2003
412,80,0,53,706,2005
412,15,0,19,421,2007
413,6,0,22,32,2007
413,66,1,98,804,1997
414,15,0,49,422,2010
415,80,0,76,705,1981
416,67,0,7,880,1999
416,34,0,23,481,2001
417,6,0,7,27,2012
418,4,0,63,33,2006
418,61,0,12,881,1999
419,4,0,37,31,1999
419,34,0,12,481,2008
420,34,0,7,482,2003
421,1,0,6,43,2002
422,4,0,20,25,2012
423,5,0,7,25,2007
424,4,0,20,37,1998
424,4,0,37,32,2009
425,4,0,55,33,2016
426,14,0,12,402,2011
426,4,0,30,40,2000
427,5,0,41,51,2010
428,14,0,2,404,1995
428,34,1,23,481,2002
430,4,0,35,47,2008
430,66,1,85,881,2002
431,4,0,49,32,2008
432,52,0,98,988,2010
433,66,1,85,881,2015
434,3,0,49,33,2001
435,14,0,20,404,2011
435,4,0,37,32,1991
436,2,0,12,3,2001
437,15,0,13,421,2004
438,15,0,12,422,1997
438,80,0,50,706,2017
439,2,0,12,3,2000
439,34,0,20,481,2011
439,4,0,12,23,2016
440,34,0,7,482,2005
440,80,0,53,706,1999
441,4,0,19,18,2008
442,16,0,20,431,1994
442,14,0,2,403,2008
443,4,0,37,32,1998
443,4,0,35,43,2001
444,14,0,2,407,2014
445,34,0,20,481,1989
446,4,0,49,32,1999
447,4,0,20,16,2000
448,2,0,37,31,1997
449,34,0,49,471,1989
449,52,0,94,983,1997
450,5,0,12,37,2005
451,9,0,99,399,9999
452,71,0,98,808,2007
452,20,0,12,442,2002
452,52,0,98,988,2004
453,14,0,35,401,1997
454,67,0,12,880,2006
454,20,0,12,442,2000
455,4,0,49,43,1996
456,4,0,37,31,1993
456,14,0,48,403,2017
457,79,9,99,999,9999
457,4,0,12,37,2006
458,34,0,12,481,1995
459,4,0,20,25,2014
460,90,0,98,739,9999
461,15,0,13,421,1998
462,4,0,37,32,1995
462,34,0,12,481,2008
463,99,0,99,999,9999
464,14,0,20,404,2005
464,6,0,53,33,2003
465,4,0,63,38,2017
465,4,0,22,16,2001
466,6,0,49,47,2007
467,14,0,48,401,2007
467,5,0,37,39,2009
467,66,1,87,884,2003
468,99,0,99,999,9999
469,61,0,7,881,2001
469,14,0,49,499,1981
469,5,0,37,39,2008
470,6,0,63,36,2008
471,14,0,2,404,1999
472,34,0,12,471,2009
472,66,2,85,881,2013
473,4,0,55,35,2008
474,3,0,36,38,2013
475,2,0,34,39,1997
475,2,0,58,37,2005
476,66,1,82,881,2015
476,4,0,58,37,2007
476,9,0,49,40,1998
477,14,0,42,403,2014
477,66,1,82,881,2012
478,4,0,48,38,2002
479,14,0,59,401,2001
480,34,0,7,482,2005
481,34,0,7,482,2005
482,34,0,7,482,2014
483,80,0,98,705,1997
483,63,0,84,884,2004
483,34,0,20,481,2014
484,4,0,12,16,1996
484,16,0,20,431,1990
484,34,0,7,482,2016
485,14,0,20,401,2000
486,14,0,37,402,2013
486,14,0,49,401,2017
486,34,0,7,482,1998
487,2,0,34,34,1985
488,14,0,37,403,2003
489,90,0,99,739,2004
491,4,0,59,31,1999
491,4,0,55,33,2002
492,4,0,55,33,2002
492,4,0,6,43,2010
493,6,0,49,47,2005
494,66,1,84,881,2006
494,14,0,55,401,2017
495,14,0,2,404,2000
496,4,0,35,43,2007
497,3,0,55,42,2012
498,20,0,35,443,1997
499,99,0,99,999,9999
500,34,0,7,482,2008
500,4,0,49,43,2000
501,4,0,48,38,2004
502,34,0,12,481,2011
502,4,0,41,50,2006
503,8,0,48,38,2012
503,39,0,29,399,2008
504,2,0,39,35,2008
505,4,0,20,16,1999
506,82,0,72,706,2014
506,20,0,12,444,2016
506,15,0,20,421,1999
507,21,0,12,462,2017
508,66,1,82,881,2011
508,34,0,20,481,1995
509,34,0,12,471,2001
510,80,0,72,706,2006
510,34,1,7,482,2006
510,34,0,12,481,1997
511,4,0,12,37,2008
511,14,0,2,404,2015
512,14,0,63,401,2006
512,15,0,12,422,2003
513,14,0,2,405,2004
514,4,0,14,17,2002
515,6,0,48,34,1997
515,34,0,12,481,2002
515,4,0,12,37,2006
516,4,0,49,32,2001
516,66,1,82,881,2003
517,2,0,37,32,2000
517,67,0,12,880,2006
518,14,0,48,401,2014
519,4,0,49,32,1997
519,4,0,37,31,2004
519,15,0,54,421,2011
520,2,0,58,42,2017
521,3,0,37,31,1991
522,4,0,49,40,1996
523,4,0,35,47,2012
524,5,0,41,55,2011
524,4,0,49,40,2000
525,2,0,54,37,1999
526,66,1,82,881,2017
527,3,0,54,31,1988
527,14,0,48,401,2014
528,5,0,7,25,2007
528,66,1,85,881,2016
529,34,0,7,482,1994
530,15,0,20,421,2001
531,4,0,59,34,2000
532,4,0,19,3,2003
533,14,0,20,401,2000
534,4,0,48,34,2003
534,15,0,12,422,2015
535,4,0,37,31,2007
536,14,0,2,404,2000
537,34,0,20,471,1994
537,34,0,7,482,2012
538,4,0,49,32,2003
539,15,0,23,421,2007
540,14,0,20,403,2006
541,4,0,37,32,1997
542,20,0,12,442,2001
542,67,1,12,880,2015
543,66,1,87,884,2006
544,99,0,99,999,9999
546,16,0,20,431,1998
547,4,0,19,18,2009
548,34,0,35,481,2010
549,14,0,18,404,2015
549,20,0,7,442,1996
550,66,1,85,881,2004
1,80,0,72,706,2003
1,14,0,2,404,2005
2,20,0,35,443,2007
3,34,0,12,481,1989
3,14,0,12,402,2014
4,34,0,12,481,2010
5,4,0,19,3,1999
5,14,0,49,401,2007
5,34,0,35,472,2007
6,14,0,59,402,2005
7,2,0,37,31,1998
7,66,1,85,881,2010
8,4,0,54,39,2008
9,14,0,2,404,2000
10,20,0,7,442,2001
11,1,0,6,43,2000
11,34,0,49,481,1997
12,34,0,12,481,1996
13,4,0,49,40,2003
13,2,0,20,9,2011
14,4,0,35,47,2001
14,34,0,23,481,1999
15,14,0,24,401,2003
15,66,1,85,881,2017
15,61,0,12,881,2000
15,66,1,82,881,2007
16,4,0,54,35,2004
17,1,0,49,41,2004
17,4,0,6,51,2013
18,4,0,6,51,2014
19,66,1,82,881,2000
20,34,0,7,482,2014
21,61,0,23,882,1992
21,50,0,84,981,2007
22,34,0,20,481,2011
23,34,0,20,473,2004
24,4,0,12,17,1998
24,4,0,49,40,2012
26,14,0,49,401,1997
26,34,0,7,482,2001
27,34,0,12,481,2014
28,6,0,30,42,2016
29,3,0,54,38,2002
29,34,0,7,482,2002
29,6,0,48,45,2004
30,14,0,2,403,1997
31,6,0,32,43,2006
32,6,0,19,20,2011
34,4,0,7,24,2008
35,14,0,7,402,2002
36,34,0,7,481,1991
38,3,0,53,31,2001
38,66,2,85,881,2007
39,80,0,98,706,2013
40,6,0,7,21,2005
40,66,1,82,881,2010
41,14,0,20,403,2003
42,14,0,18,401,2005
43,4,0,35,47,2007
43,14,0,18,401,2004
43,6,0,49,46,2013
44,14,0,12,402,2014
45,4,0,19,18,2004
45,4,0,20,2,2012
47,49,0,2,999,9999
48,4,0,63,34,2018
49,3,0,37,31,1990
49,63,0,85,881,2007
50,4,0,20,16,2000
50,4,0,63,33,2004
51,3,0,49,34,1988
52,3,0,69,54,2005
52,14,0,18,404,2016
53,34,0,7,482,2005
54,34,0,20,481,2001
55,52,0,98,988,2013
56,63,1,98,890,1986
56,6,0,6,52,2005
56,15,0,20,421,2017
57,34,0,35,472,2011
58,4,0,37,32,1994
59,99,9,99,999,9999
60,14,0,20,403,2004
61,4,0,35,43,2005
62,14,0,58,403,2014
63,2,0,37,32,1994
63,4,0,34,34,2014
63,4,0,37,32,2000
64,15,0,49,421,1993
65,14,0,48,403,2018
65,6,0,37,32,1995
66,80,0,72,706,1999
67,63,0,84,881,2008
67,3,0,54,31,1991
68,4,0,35,39,2002
68,14,0,37,402,1999
69,21,0,20,461,2008
69,66,1,82,881,2016
69,4,0,55,35,2013
70,83,0,76,703,1999
70,34,0,7,482,2017
71,4,0,20,16,2005
72,4,0,48,34,1999
72,4,0,30,40,2004
73,4,0,48,34,1993
73,4,0,63,33,2008
74,5,0,35,55,2013
75,6,0,35,49,2004
76,4,0,34,35,2011
77,52,0,92,988,2006
78,34,0,12,481,2013
79,4,0,51,47,2006
79,34,0,49,471,1989
80,67,0,12,880,2014
81,3,0,54,31,1995
82,15,0,19,421,2002
83,4,0,63,32,2007
84,4,0,20,2,2002
85,14,0,7,402,2002
85,2,0,37,32,1995
86,4,0,54,35,1998
86,34,0,41,471,1989
87,34,0,49,482,2014
88,4,0,7,41,1997
88,80,0,37,703,2012
89,4,0,35,47,2008
90,4,0,63,38,2010
91,4,0,6,51,2010
92,34,0,35,471,1986
93,3,0,69,54,2004
94,4,0,55,33,2002
96,14,0,12,401,2003
96,4,0,37,32,2014
97,34,0,20,481,1993
98,34,0,12,481,1997
98,4,0,48,34,2003
98,2,0,20,9,2017
99,67,0,23,880,2015
100,34,0,12,481,1972
101,14,0,63,402,2011
101,34,0,12,481,2008
102,80,0,72,706,2012
103,4,0,49,40,1988
103,14,0,59,401,1999
103,4,0,35,47,2005
103,4,0,20,22,2007
104,4,0,37,32,1997
105,34,0,20,473,2012
106,4,0,55,35,2018
106,5,0,49,46,2008
107,34,0,49,471,1992
108,4,0,37,31,1992
108,5,0,20,26,2012
109,14,0,42,401,2015
110,4,0,41,50,2004
111,80,0,37,706,2006
112,34,0,12,481,2004
113,4,0,20,34,1995
114,5,0,49,52,2008
115,2,0,37,32,2004
115,14,0,37,402,2017
116,14,0,48,401,2010
117,49,0,99,999,9999
118,3,0,54,38,2002
119,4,0,37,32,2003
119,14,0,55,401,2013
119,34,0,12,481,2013
120,99,0,99,999,9999
120,98,0,97,997,9998
121,6,0,49,46,2017
121,50,0,90,981,2012
122,4,0,18,20,1999
123,62,1,52,882,2000
124,4,0,35,43,2005
124,6,0,7,21,2007
124,21,0,20,461,1999
125,80,0,73,705,2007
125,34,0,49,482,2013
126,4,0,20,25,2013
126,80,0,72,706,2006
127,66,2,85,881,2005
128,80,0,73,706,2003
129,34,0,35,471,1994
130,80,0,73,705,2016
131,4,0,7,43,2002
131,4,0,21,23,1999
132,3,0,37,31,1998
133,80,0,34,706,2017
134,80,0,53,706,2007
135,4,0,37,32,2016
135,66,1,82,881,2012
136,34,0,7,482,2013
136,80,0,72,706,2017
137,80,0,72,706,2018
137,80,0,72,706,2006
138,2,0,54,37,1998
139,80,0,72,706,2011
139,34,0,35,472,2006
140,34,0,12,481,2013
140,66,1,87,884,2018
141,34,0,7,482,2001
142,49,0,98,999,1979
143,4,0,49,40,2014
144,4,0,37,32,2008
145,6,0,12,24,2008
146,80,0,71,706,2013
146,14,0,48,401,2005
146,4,0,30,40,2006
147,34,0,23,481,2010
147,63,0,85,881,2017
147,14,0,23,401,2005
147,34,0,12,471,2005
147,4,0,55,35,2018
147,4,0,41,50,2017
148,80,0,77,706,2014
149,4,0,34,35,2000
150,2,0,37,31,1999
151,5,0,7,25,2007
151,3,0,12,13,1994
152,34,1,7,482,2002
152,80,0,37,706,2008
153,66,1,87,884,2012
153,14,0,37,402,2014
154,80,0,76,706,2002
155,4,0,20,2,2004
156,4,0,37,31,1998
157,34,0,12,481,2012
157,6,0,12,24,2008
158,15,0,23,421,2003
159,1,0,34,47,2015
160,2,0,19,18,2011
161,4,0,20,32,2002
161,14,0,12,401,2015
162,34,0,7,482,2017
162,4,0,35,39,2009
162,5,0,49,46,2015
163,2,0,37,31,1997
165,4,0,35,47,2015
165,2,0,12,3,2017
166,14,0,49,403,2001
166,14,0,12,401,1991
167,4,0,49,40,2000
167,5,0,49,46,2013
168,34,0,20,481,1997
169,4,0,37,31,1995
170,4,0,12,13,1997
170,4,0,34,34,2001
170,20,0,37,441,2000
171,21,0,35,461,2017
172,8,0,48,38,2014
172,15,0,20,421,2013
173,14,0,3,402,2006
174,14,0,48,403,2018
175,5,0,49,46,2015
176,80,0,34,706,2010
177,6,0,2,1,2008
177,4,0,20,2,2004
177,80,0,72,706,2010
178,80,0,76,705,2011
179,80,0,37,706,2000
179,15,0,20,421,1996
180,34,0,7,482,2004
181,4,0,20,37,2018
181,14,0,49,401,2008
182,14,0,37,402,2006
183,2,0,34,36,2007
184,34,0,12,481,1996
185,4,0,35,47,2015
185,16,0,12,423,2001
186,4,0,34,35,2003
187,4,0,12,23,2014
188,80,0,73,706,2013
189,5,0,20,29,2015
190,4,0,54,32,1993
190,80,0,37,706,2015
191,6,0,20,24,2012
192,10,0,20,7,1987
193,14,0,18,402,2004
194,6,0,48,45,2005
194,4,0,32,43,2007
195,4,0,34,35,2000
195,34,0,23,481,1999
196,14,0,2,404,2002
197,5,0,49,46,2007
197,66,1,82,881,2007
198,80,0,76,706,2008
198,4,0,49,40,2012
199,80,0,72,709,1973
200,80,0,53,706,2001
200,14,0,41,403,2016
201,14,0,20,403,2004
202,4,0,49,40,2012
202,80,0,77,706,2016
202,80,0,53,706,2001
203,2,0,58,37,2008
204,14,0,34,402,2007
205,80,0,72,706,2016
205,34,0,7,482,2006
206,83,0,76,703,2008
207,34,0,35,472,2003
207,20,0,7,442,2008
207,34,0,12,481,2004
207,4,0,30,40,2010
208,14,0,2,404,2008
209,2,0,12,3,2017
210,84,0,98,703,2016
210,4,0,7,29,2014
211,4,0,37,31,2000
212,6,0,48,34,1991
213,80,0,71,706,2005
214,80,0,72,706,2009
214,14,0,48,403,2015
214,2,0,35,398,1992
215,90,0,98,734,2016
216,4,0,34,35,2008
217,34,0,35,473,2006
218,21,0,20,461,1991
219,63,0,89,890,2012
220,80,0,72,706,2017
221,34,0,20,481,2015
222,4,0,59,35,2006
222,66,1,85,881,1998
223,14,0,63,402,2013
224,4,0,20,25,2016
225,6,0,12,24,2013
225,66,1,82,881,2011
226,14,0,2,404,2016
227,14,0,32,401,2018
228,4,0,30,46,2000
228,80,0,76,705,2009
229,34,0,20,481,2002
229,66,1,87,881,2011
230,14,0,12,401,2010
231,4,0,63,31,1996
231,14,0,20,403,2004
232,4,0,35,47,2007
232,67,0,12,880,2016
233,34,0,20,481,1985
234,80,0,72,706,2009
234,4,0,41,51,2014
235,34,0,20,481,2007
236,66,1,85,881,2005
236,14,0,55,401,2011
236,4,0,49,40,2014
237,80,0,53,706,1991
237,4,0,37,31,2005
237,4,0,59,31,2005
238,14,0,12,401,1991
238,4,0,49,32,1997
238,4,0,7,20,2005
238,14,0,49,401,2017
238,14,0,55,402,2018
239,4,0,35,47,2008
240,4,0,54,31,1996
241,14,0,23,401,1995
242,80,0,53,705,2009
242,80,0,53,706,2009
242,14,0,18,404,2018
242,67,0,12,880,2009
243,15,0,12,422,2003
243,63,0,85,881,2003
244,15,0,49,422,2002
245,80,0,73,705,2017
245,21,0,12,462,2015
246,34,0,35,472,2005
247,34,0,20,471,1994
247,80,0,77,706,2006
248,14,1,35,402,2007
249,80,0,37,705,2003
250,4,0,20,2,2012
251,66,1,87,884,2014
251,80,0,53,706,2000
252,80,0,37,706,2012
252,6,0,49,49,2008
253,4,0,20,25,2016
253,4,0,41,51,2005
254,80,0,72,706,2004
255,14,0,2,404,1999
256,14,0,63,402,2011
256,4,0,12,17,2006
257,34,0,12,471,1999
258,4,0,37,31,2012
258,34,0,12,481,2000
259,4,0,35,39,1987
260,4,0,41,49,2007
261,80,0,72,706,2014
261,15,0,23,421,2001
262,80,0,73,705,2007
263,80,0,76,706,2017
264,34,0,12,471,2010
264,34,0,20,482,2002
264,66,1,87,884,2007
265,34,0,7,482,2003
266,3,0,49,34,1985
267,4,0,54,35,2004
268,14,0,36,402,2016
269,34,0,7,472,1989
270,6,0,6,52,2006
271,4,0,37,31,1994
272,4,0,12,17,1997
273,34,0,20,481,1986
274,15,0,37,421,2008
274,4,0,54,35,2003
275,80,0,72,706,2012
276,20,0,7,442,2003
276,14,0,49,402,2018
277,4,0,20,2,2014
277,61,0,20,881,2008
277,14,0,55,404,2018
277,14,0,49,403,2013
278,15,0,12,422,1999
279,80,0,37,705,2016
280,2,0,35,48,2004
281,3,0,30,47,1999
282,80,0,72,706,2015
283,3,0,12,37,2003
284,34,0,20,481,2000
284,4,0,12,37,2002
284,4,0,48,34,2008
284,4,0,49,45,2001
284,4,0,54,35,2006
285,4,0,19,18,2004
285,6,0,7,27,2015
286,34,0,20,481,2000
287,4,0,41,51,2011
288,4,0,30,46,2000
289,4,0,20,37,2004
290,6,0,48,45,2013
290,14,0,2,404,1996
290,34,0,7,482,2016
290,4,0,49,40,1997
291,80,0,37,706,1994
292,14,0,35,402,2002
292,4,0,30,46,2003
292,4,0,30,40,2013
292,4,0,55,33,2011
293,34,0,41,471,1998
293,14,0,49,402,2016
293,4,0,55,33,2015
293,6,0,51,43,1998
295,14,0,12,401,2000
296,2,0,22,9,1967
297,14,0,41,402,2001
297,34,0,49,482,2005
298,99,0,99,999,9999
298,4,0,12,37,2000
299,80,0,37,705,2013
299,20,0,37,441,2002
301,34,0,7,482,2014
301,80,0,72,706,2016
301,80,0,72,706,2015
302,14,0,2,405,2005
302,63,0,82,881,2005
303,2,0,12,3,2004
303,2,0,37,31,2001
304,34,0,49,472,2003
305,80,0,98,706,2016
306,80,0,76,706,2007
307,15,0,20,421,2016
307,6,0,2,1,2012
307,4,0,49,32,2015
307,4,0,19,3,2002
308,20,0,6,441,2013
309,4,0,54,35,2003
310,14,0,49,401,1995
311,65,1,98,850,2007
312,99,0,99,999,9999
313,34,0,12,481,2005
314,4,0,37,31,2014
314,4,0,37,32,1993
315,4,0,63,33,2006
316,84,0,98,703,2012
317,4,0,35,43,2017
317,80,0,53,706,2006
318,2,0,20,16,2000
319,34,0,49,472,2015
319,81,0,37,701,1986
320,4,0,12,21,2005
320,80,0,72,706,2010
321,80,0,37,706,2005
321,5,0,49,46,2010
322,80,0,72,706,2013
323,34,0,7,482,2014
323,4,0,20,20,1991
324,20,0,12,443,2005
325,80,0,73,706,2008
325,4,0,37,31,2008
326,4,0,14,6,1997
326,6,0,49,46,2015
326,34,0,12,481,1991
326,4,0,59,31,2011
327,4,0,20,22,2005
327,4,0,55,33,2016
327,20,0,12,444,2013
327,14,1,35,402,2013
328,14,0,37,402,2008
328,63,1,85,881,2013
329,80,0,71,706,2010
330,14,0,23,401,2004
330,61,0,12,881,2009
330,34,0,12,481,1974
331,4,0,52,34,2006
331,3,0,52,37,2000
332,21,0,23,461,2004
332,66,1,85,881,2018
333,4,0,49,32,2011
334,1,0,41,45,2018
335,66,1,85,881,2017
336,14,0,49,402,2013
336,6,0,48,45,2017
337,14,0,20,404,2015
338,15,0,12,422,2003
338,4,0,35,50,2012
339,63,0,87,881,1985
339,34,1,23,481,1985
340,3,0,37,31,2000
340,66,2,82,881,2015
341,6,0,48,34,1999
343,4,0,52,34,2005
344,5,0,49,46,2010
345,3,0,49,34,1984
345,34,0,7,482,2005
346,80,0,76,706,2005
347,4,0,32,42,2001
348,14,0,12,401,1992
348,80,0,99,709,9999
349,4,0,37,31,1998
349,4,0,35,47,2005
350,6,0,48,34,2002
350,34,1,12,481,1993
351,34,0,35,473,2004
352,15,0,12,422,1998
353,4,0,30,40,2006
354,63,0,87,881,2015
355,15,0,23,422,2010
356,4,0,20,25,2013
356,4,0,7,20,2001
357,6,0,49,49,2008
358,4,0,37,31,2003
358,4,0,49,40,2009
359,4,0,37,32,2001
359,14,0,2,404,2018
361,4,0,59,32,1996
361,4,0,55,33,2013
362,80,0,76,706,2013
362,14,0,55,402,2016
363,4,0,55,35,2010
363,34,0,7,482,2017
364,14,0,18,402,2004
364,5,0,37,39,2009
365,34,0,49,482,2000
366,4,0,49,32,1989
367,4,0,41,51,2008
368,66,1,51,881,2015
368,5,0,52,47,2015
368,5,0,49,46,2010
369,14,0,49,402,2013
369,80,0,76,706,2016
370,34,0,12,481,2017
371,34,0,49,472,2012
371,34,0,7,482,2017
372,34,0,12,471,2006
374,34,0,12,481,1980
375,40,0,49,472,1996
376,99,0,99,999,9999
377,4,0,55,35,2001
378,80,0,53,706,2003
379,14,0,49,402,2013
379,34,0,23,471,1993
380,6,0,48,45,2009
380,4,0,59,31,2000
381,14,0,52,402,2005
382,4,0,12,23,2012
383,4,0,37,32,1996
383,4,0,7,26,2013
384,67,0,12,880,2008
384,4,0,63,34,2008
385,80,0,76,709,2000
386,4,0,37,32,2012
386,80,0,73,705,2008
387,6,0,52,47,2018
388,34,0,20,481,2003
388,4,0,7,24,2013
389,34,0,7,482,1997
390,34,0,7,482,2003
390,4,0,37,31,2016
391,2,0,37,31,2003
392,21,1,12,461,1998
393,4,0,34,34,2010
394,80,0,37,706,2004
395,14,0,12,402,2005
396,4,0,20,25,2013
397,34,0,20,481,1998
398,80,0,37,706,2007
399,99,0,99,999,9999
400,14,0,2,403,1998
402,4,0,55,33,2005
402,4,0,37,31,1993
403,14,0,63,402,2008
403,4,0,37,31,1999
404,80,0,72,706,2009
405,2,0,37,31,2004
405,34,0,12,481,1992
406,4,0,63,38,2011
407,34,0,12,481,2014
407,15,0,23,421,2005
408,14,0,48,402,2009
408,4,0,49,32,2016
408,6,0,48,34,1997
408,2,0,49,38,1992
408,34,0,7,482,2007
409,80,0,72,706,2012
409,99,0,99,999,9999
409,99,0,99,999,9999
409,66,1,84,884,2018
410,80,0,72,706,2009
410,2,0,21,1,1975
411,34,0,49,482,2016
412,14,0,7,402,2001
413,14,0,35,402,2001
413,14,0,12,401,2002
413,14,0,2,404,2017
413,5,0,30,42,2017
414,14,0,12,401,2015
414,80,0,72,706,2019
415,34,0,12,471,1993
416,4,0,12,17,2003
417,4,0,37,32,2005
418,66,1,82,881,2003
418,14,0,12,402,2006
419,55,0,12,870,2017
420,14,0,12,402,2007
420,20,0,49,442,2000
420,80,0,72,706,2018
421,34,0,7,481,1987
422,14,0,12,401,2003
423,80,0,53,706,2004
423,4,0,37,31,1999
425,14,0,55,401,2008
426,14,0,35,401,1995
427,14,0,59,403,2008
428,14,0,53,405,2003
429,14,0,12,401,1997
430,61,0,12,870,1998
431,4,0,7,24,2007
432,14,0,35,401,2001
433,34,0,12,481,2008
433,4,0,12,17,2008
433,5,0,49,46,2013
434,5,0,49,46,2007
435,4,0,24,5,2003
435,4,0,37,31,2012
435,34,0,35,472,2014
435,14,0,49,403,2007
436,4,0,37,31,2003
437,6,0,24,3,2001
437,67,0,12,880,2018
438,4,0,35,43,2006
438,34,0,7,482,2007
438,34,0,12,481,2015
439,4,0,30,40,1998
440,14,0,59,403,2010
441,34,0,12,481,2004
442,34,0,7,482,2004
443,3,0,30,42,2001
444,3,0,37,31,1994
444,66,1,51,881,2008
445,4,0,63,34,2006
445,4,0,49,40,1988
446,4,0,42,48,2006
446,34,0,20,481,2006
447,34,0,20,481,2005
447,4,0,49,40,1998
448,4,0,7,41,2001
448,14,0,12,402,2007
449,14,0,59,403,2004
450,15,0,13,421,1999
451,67,0,7,880,2006
452,4,0,35,47,2007
453,66,1,82,881,2012
453,34,0,35,471,1993
453,14,0,12,402,2009
454,34,0,35,481,2008
455,4,0,37,31,2007
455,2,0,20,9,2011
455,4,0,37,32,1990
456,34,0,49,471,1989
456,4,0,55,35,2005
457,66,2,82,881,2008
460,4,0,63,33,2004
460,34,0,12,481,2013
461,2,0,49,38,1997
461,34,0,7,482,2001
462,14,0,2,404,1999
463,2,0,37,31,1995
463,14,0,12,401,1997
464,20,0,9,442,1999
465,2,0,58,37,2011
466,34,0,49,472,1998
466,34,0,7,482,2007
466,15,0,23,422,2011
467,14,0,12,402,2003
468,66,1,82,881,2015
468,66,1,51,881,2018
469,4,0,37,31,1994
470,15,1,12,422,1999
471,20,0,7,442,2002
471,14,0,48,403,2016
471,67,0,12,880,2001
472,99,0,99,999,9999
473,34,0,12,481,1998
474,34,0,20,481,2002
475,6,0,48,34,2001
476,20,0,6,441,2003
477,62,0,84,881,2014
478,4,0,12,17,2006
478,66,1,51,881,2017
479,63,0,98,804,2000
480,14,0,2,404,1999
480,20,0,37,441,2008
481,67,0,7,880,2014
482,4,0,59,35,2002
482,4,0,18,20,1999
483,6,0,30,40,2005
483,4,0,37,31,2017
483,14,0,49,402,2014
485,67,0,12,880,2018
486,14,0,51,401,2017
487,14,0,20,403,2004
488,20,0,49,442,1999
489,4,0,18,7,1989
490,21,0,20,461,2013
490,4,0,49,51,2008
490,15,0,54,421,2001
491,4,0,7,20,2003
492,3,0,54,31,2001
493,4,0,30,40,2014
494,2,0,37,31,2017
495,14,0,49,404,2008
496,14,0,2,404,1998
497,4,0,20,37,2014
498,2,0,37,32,1994
500,99,0,99,999,9999
501,34,0,12,481,1966
502,3,0,47,31,1993
503,4,0,6,18,2013
504,4,0,7,20,2004
505,4,0,41,51,2012
505,34,0,23,481,2008
505,14,0,23,402,2014
505,14,0,55,401,2004
505,14,0,48,401,2004
506,4,0,30,46,2007
507,14,0,2,404,1998
1,34,0,12,481,2008
2,66,1,51,881,2012
2,6,0,20,24,2011
3,4,0,30,40,2002
3,34,0,20,481,2007
4,4,0,35,47,2004
5,80,0,76,705,2007
6,4,0,63,34,2015
7,14,0,35,402,2002
8,62,0,12,881,2016
9,3,0,52,37,2002
9,5,0,49,46,2010
9,34,0,49,472,2012
10,34,0,35,473,2004
11,99,0,99,999,9999
12,4,0,39,39,2017
12,5,0,20,39,2008
13,14,0,48,401,2010
14,4,0,12,37,2005
15,6,0,12,17,1999
16,4,0,12,23,2007
17,63,1,82,881,2011
17,66,1,51,881,9999
17,66,1,82,881,2019
17,66,1,51,881,2010
17,34,0,12,481,2000
18,4,0,24,1,1996
18,66,1,85,881,2008
19,14,0,2,403,2000
20,5,0,35,50,2016
20,63,0,87,882,2013
21,14,0,2,403,2002
22,20,0,7,442,1999
22,66,1,84,884,1997
23,4,0,37,32,1998
23,34,0,7,482,2002
23,6,0,52,47,2013
23,4,0,30,40,2004
24,80,0,72,706,2014
25,14,0,59,403,2004
26,34,0,12,481,1986
27,66,2,87,881,2000
27,6,0,35,51,2015
28,34,0,12,471,1998
29,4,0,54,35,2000
30,4,0,35,39,2012
30,66,2,85,881,1999
31,34,0,12,471,2009
31,3,0,20,34,1989
31,3,0,49,33,1992
32,6,0,48,34,1998
32,99,0,55,999,2001
33,5,0,48,38,2004
33,6,0,24,10,2007
33,66,1,85,881,2018
34,66,1,99,884,9999
35,66,2,85,881,1994
35,4,0,49,40,2015
36,67,0,20,880,2010
36,34,0,12,481,2015
37,4,0,22,22,2008
38,34,0,49,482,2004
39,4,0,6,43,2004
39,15,0,2,422,2014
39,2,0,12,3,2010
39,4,0,35,47,2013
39,4,0,35,43,2019
39,34,0,20,481,2018
39,34,0,7,482,2013
41,4,0,18,3,1997
42,6,0,12,37,2006
44,34,0,12,481,1999
45,14,0,48,401,2003
45,6,1,7,21,2005
45,49,0,99,999,9999
45,2,0,24,2,2001
46,20,0,49,442,2002
46,66,1,51,881,2011
47,15,0,42,421,2014
48,4,0,35,47,2014
48,14,0,48,401,2000
49,4,0,51,47,2004
49,15,0,20,421,2003
49,4,0,48,38,2007
50,14,0,12,402,2017
50,6,0,20,24,2011
51,34,0,12,481,2017
52,34,0,12,481,2008
53,14,0,48,401,2003
54,34,0,7,482,1999
55,20,0,37,441,2014
55,4,0,37,31,2001
56,14,0,48,403,2019
56,66,1,82,881,2015
57,4,0,20,2,2001
57,34,0,7,482,2016
58,14,0,18,405,2017
58,66,1,87,881,1997
59,80,0,72,706,2008
59,34,0,49,472,2002
60,4,0,7,41,2001
60,66,1,82,881,2015
60,66,0,99,884,9999
61,34,0,12,471,1999
62,14,0,48,401,2015
62,63,0,84,881,2005
63,4,0,58,37,2007
64,66,1,85,881,2016
65,66,1,82,881,2007
65,4,0,41,51,2008
65,15,0,54,421,2004
65,20,0,7,442,2014
65,6,0,48,45,2017
65,14,0,20,404,2017
66,2,0,19,3,1969
66,52,0,98,988,2011
67,80,0,72,706,2000
68,14,0,20,401,2003
69,6,0,49,46,2015
70,6,0,48,38,2007
70,4,0,49,32,2013
71,14,0,2,403,1998
72,99,0,99,999,9999
73,4,0,58,37,2008
73,34,0,12,481,2002
73,4,0,20,2,2001
73,4,0,37,31,2012
74,4,0,63,34,2008
75,4,0,32,43,2008
75,20,0,7,442,2005
76,19,0,99,499,9999
77,66,1,87,884,2000
78,66,1,82,881,2006
79,34,0,20,471,1991
79,4,0,41,50,2007
79,14,0,2,408,2017
80,34,0,20,481,2004
80,80,0,73,706,2001
81,14,0,63,402,2013
82,2,0,37,32,1991
83,2,0,54,37,2001
84,80,0,72,706,2002
85,14,0,20,401,1994
86,34,0,23,471,1997
87,52,0,98,988,2019
87,4,0,48,34,1999
88,80,0,37,705,2018
89,14,0,12,401,1998
90,4,0,12,16,2004
91,4,0,55,33,2000
91,67,0,12,880,2016
92,4,0,9,20,1996
93,80,0,76,705,2001
94,14,0,20,404,2017
95,14,0,20,404,2015
95,80,0,76,705,2017
96,2,0,37,31,2003
97,34,0,12,481,1984
97,34,0,7,482,2012
98,80,0,73,705,2007
99,49,0,99,999,9999
99,4,0,49,40,2014
99,4,0,7,29,2013
99,34,0,12,481,1999
100,80,0,72,706,2006
100,4,0,55,35,2008
101,20,0,9,442,1998
102,34,0,7,482,2014
103,14,0,34,402,2014
104,4,0,63,31,1999
104,2,0,34,39,1998
105,4,0,54,35,2013
105,6,0,48,34,1994
106,2,0,58,31,1991
106,4,0,41,35,1998
107,4,0,12,37,2005
107,4,0,30,40,2003
108,2,0,12,3,2010
108,6,0,6,52,2002
109,4,0,63,34,2013
109,34,0,20,481,2013
109,6,0,6,52,2004
109,4,0,9,20,2001
110,20,0,49,442,2012
111,4,0,35,47,2018
112,61,0,23,881,2008
112,16,0,20,431,2003
112,14,0,55,404,2018
112,14,0,12,402,2010
113,34,0,7,482,1997
113,66,1,87,884,2014
113,6,0,49,46,2017
114,4,0,99,399,9999
115,67,1,7,880,2016
115,80,0,53,705,2003
116,2,0,37,32,1997
117,4,0,37,32,2002
117,4,0,49,40,2012
117,4,0,37,31,2014
118,4,0,35,47,2019
119,80,0,72,706,2016
120,4,0,41,51,2004
120,80,0,76,705,2004
121,14,0,12,402,2008
121,34,0,12,481,2005
122,34,0,20,482,2005
122,34,0,20,481,2001
123,4,0,54,35,2003
124,80,0,76,706,2014
124,63,0,85,881,2004
125,80,0,37,705,2015
126,34,0,20,481,2008
127,3,0,20,34,1995
127,4,0,12,37,2009
128,2,0,34,34,1999
128,4,0,32,44,2007
129,2,0,49,38,1991
130,62,0,82,881,2017
130,20,0,20,441,2005
130,2,0,20,9,1993
130,14,0,12,402,2009
130,4,0,63,32,2009
130,4,0,52,34,2012
130,4,0,24,1,1995
131,2,0,20,36,2003
132,2,0,12,3,1996
133,15,0,7,422,2007
133,66,1,82,881,2011
134,19,0,99,499,9999
135,4,0,35,47,1997
135,6,0,35,49,2015
136,14,0,37,402,2018
136,66,1,82,881,2010
136,14,0,20,401,1997
137,6,0,48,45,2008
138,4,0,21,21,2000
138,80,0,73,706,1997
139,4,0,32,51,2013
139,80,0,53,706,2005
140,4,0,22,22,2007
140,15,0,49,422,2006
141,4,0,99,399,9999
142,34,0,12,481,1998
143,4,0,35,43,2000
144,80,0,72,706,2002
144,34,1,20,481,2018
145,14,0,37,402,2001
146,6,0,12,37,2002
147,80,0,72,706,2007
148,4,0,41,50,2018
149,4,0,18,22,2009
149,15,0,20,421,2011
150,15,0,2,422,2015
150,15,0,23,421,2002
151,34,0,7,482,2010
152,99,0,99,999,9999
153,34,0,7,482,2011
154,34,1,23,481,2001
154,80,0,72,706,2007
155,80,0,37,705,2006
155,5,0,37,39,2019
156,80,0,73,705,2014
157,4,0,6,51,2005
158,34,0,7,482,2010
158,4,0,34,35,2008
159,4,0,30,40,1998
160,91,0,98,998,1998
161,4,0,37,32,1998
162,80,0,71,706,2017
162,14,0,49,401,2017
163,80,0,72,706,2006
164,66,1,87,881,1999
164,4,0,49,40,2019
164,21,0,20,461,2007
164,80,0,34,706,2012
164,80,0,98,706,2016
164,14,0,12,401,2013
164,67,0,12,880,2011
165,34,0,49,472,2016
165,2,0,14,4,1995
166,4,0,49,40,2018
168,2,0,14,4,1996
169,34,0,12,473,2002
170,80,0,98,706,2017
170,6,0,55,35,2009
171,14,0,2,404,1994
171,63,0,86,881,2019
172,6,0,12,37,2003
172,14,0,41,402,2001
173,63,0,85,881,2008
173,80,0,76,706,2012
174,34,0,7,472,1995
174,4,0,20,25,2015
175,34,0,7,482,2004
176,34,1,20,481,2005
177,80,0,72,706,2013
177,66,1,85,881,2016
178,63,1,85,881,2006
178,34,0,7,482,2014
179,4,0,18,18,1994
179,80,0,53,706,2012
180,14,0,2,404,2002
181,20,0,20,441,1993
182,80,0,72,706,2008
182,80,0,72,706,2015
183,4,0,18,2,2002
183,15,0,54,421,2014
184,14,0,2,404,2007
184,63,1,86,881,2000
185,34,0,12,481,1993
185,14,0,49,401,1999
186,52,0,98,988,2018
187,80,0,76,706,2006
188,4,0,30,40,2002
189,14,0,12,401,1993
190,4,0,49,32,2006
190,34,0,20,481,2000
190,14,0,49,401,2004
191,80,0,37,706,2006
192,2,0,35,48,2007
193,1,0,30,47,2016
193,6,0,35,49,2018
193,66,1,85,881,2013
194,34,0,12,481,2002
194,20,0,37,441,2002
194,2,0,20,36,2004
194,34,1,20,481,2016
195,34,0,7,482,1998
196,14,0,2,404,2005
197,34,0,12,481,2004
198,2,0,12,3,2000
198,34,0,49,482,2003
199,4,0,49,40,2011
199,34,0,12,481,2001
200,15,0,12,422,1997
201,80,0,72,706,2016
202,14,0,2,403,2009
202,14,0,2,404,2011
203,5,0,49,46,2013
204,4,0,35,47,2015
204,14,0,12,401,2014
205,4,0,35,39,2000
206,34,0,20,481,2001
206,14,1,37,402,2004
206,66,2,84,884,2019
207,67,0,12,880,2015
207,4,0,37,32,1999
208,34,0,7,482,2004
209,14,0,55,401,2003
210,80,0,72,706,2012
211,80,0,53,705,2006
211,15,0,20,421,2012
212,4,0,49,32,2012
213,6,0,63,37,2014
213,34,0,7,482,2010
214,20,0,12,443,2005
215,80,0,72,706,2003
216,1,0,52,37,2001
216,4,0,48,34,2000
217,4,0,35,47,2018
217,14,0,37,402,2009
217,4,0,41,35,2002
217,4,0,49,32,2005
218,34,0,12,471,2000
219,4,0,20,25,2012
219,5,0,37,39,2008
220,2,0,37,32,2004
220,4,0,24,7,2003
223,34,0,7,482,2004
223,80,0,53,704,2005
223,14,0,49,403,2012
224,80,0,98,706,2008
224,14,0,20,404,2007
225,80,0,37,705,1983
226,4,0,39,36,2004
227,80,0,72,706,2010
227,65,0,20,850,1984
228,80,0,72,706,2014
229,4,0,49,40,2011
230,80,0,37,705,2003
230,6,0,48,45,2006
231,34,0,20,481,2002
231,4,0,14,6,2005
231,14,0,20,402,2001
234,3,0,30,47,2000
234,66,1,82,881,2009
235,34,0,49,471,1992
236,4,0,49,40,2006
236,14,0,59,403,2011
237,5,0,12,32,2014
237,14,0,23,401,2002
238,34,0,7,472,2007
238,4,0,49,40,1989
239,66,1,85,881,2014
240,4,0,48,38,2008
241,80,0,73,706,2013
242,14,0,2,404,1999
243,4,0,42,43,2000
243,66,1,51,881,2015
244,61,0,7,881,2018
244,21,0,12,462,2016
245,34,0,49,472,2016
246,34,0,12,471,9999
247,80,0,71,706,2018
248,61,0,12,870,2019
249,4,0,42,31,1992
249,66,2,85,881,2018
250,14,0,63,401,2002
251,83,0,53,703,2004
252,80,0,72,706,2014
253,14,0,55,402,2005
254,4,0,34,34,2001
254,55,0,12,870,2019
255,80,0,53,705,2006
256,4,0,22,18,1996
257,90,0,53,734,2018
258,80,0,73,706,2017
258,80,0,73,705,2008
258,14,0,34,401,2005
259,4,0,37,31,2011
260,80,0,34,706,1996
261,80,0,76,705,1992
262,34,0,49,471,1979
263,34,0,49,472,2015
263,4,0,12,37,2001
264,34,0,20,471,1984
264,83,0,98,703,2008
265,14,0,18,401,2004
265,5,0,41,51,2010
266,4,0,55,35,2013
266,80,0,76,705,2007
267,20,0,12,442,2002
267,80,0,53,705,2005
267,4,0,12,37,2017
268,80,0,72,706,2004
268,4,0,37,32,2014
269,4,0,49,40,2010
269,80,0,37,703,2012
269,34,0,35,472,2008
269,34,0,12,471,2003
269,14,0,49,402,2019
270,4,0,49,40,2002
271,80,0,72,706,2019
271,80,0,37,706,2005
272,80,0,37,705,2015
272,4,0,34,34,2002
273,4,0,14,20,2006
273,34,0,20,481,2018
273,21,1,12,461,2006
274,34,0,7,482,2012
274,89,0,37,706,1983
275,2,0,35,32,1995
276,34,0,12,471,2000
277,14,0,48,401,1998
278,5,0,49,46,2013
278,61,0,38,882,2005
279,34,0,49,472,2016
280,80,0,50,706,2017
281,5,0,49,51,2012
282,15,0,20,422,2004
282,6,0,35,51,2018
283,4,0,20,37,2002
284,34,0,12,481,2000
285,34,0,12,481,1998
285,62,0,12,881,2000
285,14,0,49,402,2019
286,4,0,34,34,1991
287,15,0,49,422,2005
287,63,0,84,881,2009
288,14,0,34,402,2006
289,80,0,72,706,2004
289,14,0,49,402,2017
290,34,0,7,482,2006
291,14,0,12,402,2008
291,80,0,72,706,2010
292,5,0,49,46,2005
293,14,0,2,404,1995
295,4,0,41,51,9999
295,14,0,49,403,9999
296,4,0,49,40,2011
296,4,0,37,32,2004
297,34,0,12,481,1998
298,4,0,20,22,2009
298,34,0,49,482,2017
299,80,0,72,706,2018
300,4,0,59,32,1992
300,80,0,98,706,2019
300,67,0,12,880,2017
300,14,0,2,407,2012
301,14,0,49,402,2015
302,80,0,37,706,2004
302,34,0,12,481,2016
303,3,0,35,48,2006
304,34,0,7,472,2008
305,87,0,72,706,2015
306,4,0,19,3,1995
306,2,0,34,47,2015
307,34,0,20,481,2017
307,80,0,73,705,2008
308,80,0,73,703,2014
308,34,0,20,471,2003
308,4,0,35,43,2004
308,34,0,7,482,2002
309,4,0,24,7,2007
309,5,0,12,27,2013
310,5,0,37,39,2007
310,6,0,6,52,2007
311,34,0,12,473,2001
312,34,0,20,481,1987
312,67,1,7,880,2017
313,80,0,98,709,2012
313,6,0,63,37,2015
314,20,0,20,441,1996
315,14,0,12,402,2013
316,34,0,7,472,2003
317,14,0,55,401,2019
317,14,0,2,403,2017
318,20,0,9,442,1999
319,4,0,12,23,2013
319,61,0,23,898,1980
320,80,0,98,709,2019
320,73,0,98,850,1987
321,80,0,53,706,2004
321,2,0,20,16,2002
322,20,0,7,442,2000
322,14,0,49,404,2007
323,4,0,19,23,2017
324,66,1,99,884,9999
325,34,0,41,471,2000
326,99,0,99,999,9999
327,34,0,7,482,1994
327,20,0,6,441,2014
327,4,0,42,48,2019
327,4,0,52,46,2015
328,3,0,55,36,2008
328,5,0,12,37,2012
329,14,0,12,401,1993
330,80,0,50,705,2012
331,4,0,12,23,2007
332,34,1,7,482,2017
333,4,0,54,36,2006
333,80,0,53,706,2007
334,99,0,99,999,9999
335,80,0,73,705,2017
335,4,0,37,31,2012
336,6,0,48,38,2007
337,96,0,98,734,2018
338,6,0,48,34,1999
338,34,0,35,498,1991
339,34,0,35,472,2000
339,66,1,85,881,1999
340,14,0,20,401,1995
341,3,0,37,31,1994
341,4,0,7,29,2015
342,20,0,49,442,2008
343,67,1,12,880,2016
343,4,0,37,31,2001
345,3,0,35,48,2004
346,14,0,35,401,1995
347,80,0,98,706,2019
348,80,0,37,706,2003
348,50,0,82,981,2013
349,34,0,20,481,2001
349,2,0,49,42,1992
350,5,0,12,32,2011
350,66,1,85,881,2017
350,34,0,12,481,2016
350,66,1,87,881,2016
351,34,0,23,472,2007
351,4,0,20,37,2012
352,80,0,76,705,2014
352,61,0,12,881,2015
353,34,0,12,481,2001
354,66,2,82,881,1998
355,21,0,12,461,2002
355,4,0,41,35,1998
356,34,0,12,471,1994
357,14,0,42,402,2011
357,66,1,82,881,2020
358,61,0,12,870,2018
359,4,0,42,42,2015
360,34,0,12,481,2000
361,34,0,7,482,2015
362,2,0,13,2,1994
363,80,0,73,706,2009
363,14,0,41,402,2005
364,4,0,59,35,2002
365,4,0,37,31,1992
366,34,0,49,471,1993
366,4,0,59,32,2006
367,4,0,49,43,2004
367,4,0,6,16,1992
368,80,0,53,706,2004
369,80,0,72,706,2003
369,34,0,12,481,2016
369,14,0,55,404,2018
370,4,0,49,40,2014
370,4,0,18,25,2013
371,15,0,49,422,2008
372,14,0,37,402,2007
373,4,0,20,16,1998
373,34,6,12,481,1968
373,34,0,12,471,1987
374,4,0,49,40,2003
374,21,0,12,461,2008
375,66,2,82,881,2000
376,34,0,20,481,2016
377,34,0,7,472,1993
378,4,0,12,23,2012
379,34,0,12,471,2003
379,34,0,49,472,2014
379,4,0,12,23,2012
380,15,0,23,421,2009
380,14,0,37,402,2008
381,14,0,12,401,2000
382,34,0,20,481,2004
382,80,0,34,706,2004
382,14,0,49,402,2018
382,14,0,58,403,2016
383,14,0,59,403,2008
384,3,0,52,37,2003
384,14,0,37,402,2002
385,21,0,12,461,2004
385,1,0,42,44,2005
386,4,0,37,32,2006
386,63,0,87,881,2006
387,61,0,12,881,2008
388,4,0,49,40,2018
389,14,0,2,404,1996
390,4,0,59,35,2006
390,34,0,49,472,2014
391,66,1,51,881,2016
392,3,0,54,38,2002
393,4,0,51,42,1994
394,34,0,12,481,2013
395,5,0,48,38,2008
396,34,0,12,471,1988
396,34,0,20,471,1991
397,34,0,12,471,2000
398,14,0,63,402,2015
398,80,0,72,706,2018
399,66,1,85,881,2017
400,6,0,12,24,2007
401,34,0,49,472,2015
401,4,0,20,37,2003
402,21,0,20,461,2004
402,14,0,20,404,2018
402,15,0,23,421,1995
403,4,0,63,33,2007
404,34,0,49,471,1991
405,4,0,20,16,2001
406,15,0,37,421,2004
407,61,0,12,881,1999
408,14,0,49,402,1997
409,34,1,12,481,2019
410,6,0,6,52,2005
411,34,0,20,481,1988
412,4,0,37,32,2003
413,14,0,2,405,2005
414,99,0,99,999,9999
414,66,1,82,881,2017
415,3,0,55,36,2002
416,34,0,23,481,1997
417,4,0,30,40,2015
417,62,0,84,881,1993
419,14,0,59,403,2013
420,14,0,49,402,2009
421,34,0,20,473,2016
421,80,0,53,705,2003
422,20,0,7,442,1994
423,4,0,63,34,2009
423,34,0,20,481,2008
424,2,0,20,16,2001
424,63,1,85,881,2015
426,5,0,37,39,2013
427,4,0,35,43,2000
428,80,0,37,706,1999
429,34,0,49,482,2012
430,4,0,13,1,1996
430,14,0,49,401,2010
431,21,0,12,461,1996
431,14,0,12,402,2005
432,14,0,12,401,2002
432,34,1,23,481,2005
433,4,0,35,43,2017
434,14,0,63,401,2011
435,14,0,20,404,2014
436,4,0,49,40,1997
436,80,0,71,706,2011
437,4,0,52,46,2012
437,4,0,35,47,2013
437,34,0,20,471,1987
438,4,0,55,33,2011
439,34,0,12,481,2001
440,4,0,32,43,2015
440,5,0,34,44,2009
441,4,0,12,17,1993
442,14,0,62,401,2001
443,6,0,48,34,2002
444,4,0,63,38,2019
445,14,0,49,401,2000
446,2,0,12,3,1994
446,21,0,7,461,1991
446,14,0,49,402,2015
447,34,0,12,471,2008
449,4,0,30,40,2012
450,2,0,12,3,2013
451,6,0,48,34,2004
452,34,0,20,481,2019
453,34,0,12,471,1996
454,34,0,7,482,2016
454,6,0,48,34,1998
455,5,0,29,5,2014
455,14,0,49,401,2001
456,34,0,20,481,2006
457,4,0,41,49,2004
458,34,1,12,481,1999
459,7,0,30,42,1994
459,4,0,49,40,2009
460,34,0,7,482,2012
460,4,0,52,46,2003
460,6,0,30,40,2004
461,34,0,12,481,2011
462,66,1,85,881,1999
463,14,0,59,401,1999
464,4,0,55,35,2019
465,4,0,37,37,2019
466,4,0,7,24,2019
467,34,0,7,482,2006
467,14,0,2,404,2014
468,5,0,49,46,2015
468,20,0,7,442,2007
469,34,0,20,481,2012
470,4,0,9,20,2000
471,34,0,12,481,2018
472,4,0,54,44,2016
472,34,0,12,481,2016
473,3,0,35,48,2009
473,4,0,37,32,2008
474,15,0,41,421,2013
475,80,0,98,706,2001
476,15,0,23,421,2000
477,4,0,41,49,2005
478,4,0,35,43,2019
479,34,0,49,472,2003
480,80,0,72,706,2014
482,4,0,7,26,2013
482,34,0,12,481,2008
483,14,0,49,402,2008
484,20,0,37,441,2008
484,63,0,85,881,2012
484,66,1,85,881,2020
485,6,0,49,47,2007
486,15,0,20,421,2012
487,49,0,99,999,9999
488,20,0,20,445,2015
488,4,0,49,32,2009
489,34,0,20,481,2009
490,67,0,23,880,2017
490,4,0,55,33,2006
491,4,0,49,32,1988
492,51,0,98,983,2005
492,50,0,84,981,2008
493,96,0,98,734,2015
494,4,0,49,32,2006
494,4,0,12,23,2013
495,15,0,54,421,2016
495,80,0,72,706,2017
496,67,0,12,880,2017
497,6,0,48,45,2008
498,4,0,48,34,1995
499,2,0,20,9,1987
499,4,0,20,2,2008
499,4,0,63,32,2009
500,5,0,47,31,1995
502,5,0,52,398,2017
505,14,0,41,403,2014
506,14,0,12,401,1999
506,5,0,63,38,2017
507,80,0,72,706,2014
508,34,0,12,481,1999
509,80,0,72,706,1997
510,80,0,37,705,2005
510,34,0,19,480,2004
511,20,0,49,442,2017
512,2,0,7,43,2003
512,4,0,35,47,2013
513,5,0,63,33,2008
514,49,0,99,999,9999
515,2,0,37,32,1990
515,34,0,12,481,2006
516,14,0,48,401,2009
516,15,0,2,422,2018
517,4,0,22,2,1992
518,14,0,37,402,2013
519,5,0,37,37,2010
520,14,0,41,403,2013
520,84,0,37,702,1981
521,34,0,20,481,1997
523,2,0,20,36,2002
524,6,0,48,34,2000
525,80,0,72,706,2008
526,8,0,99,399,9999
527,14,0,37,403,2003
527,50,0,84,981,2017
528,4,0,41,49,2004
529,4,0,35,47,2009
1,14,0,12,402,2005
3,14,0,12,401,2010
4,4,0,20,22,2005
4,15,0,2,422,2017
5,4,0,37,31,2014
5,5,0,29,5,2013
6,34,0,23,481,2018
6,14,0,35,401,1995
7,4,0,55,36,2016
8,34,0,20,471,1992
8,34,0,7,472,2005
9,20,0,20,441,2003
10,6,0,12,13,1995
11,14,0,49,403,2013
12,34,0,20,473,2005
13,4,0,24,1,1992
13,67,0,7,880,2015
14,2,0,20,22,2007
15,15,0,20,423,2018
16,4,0,30,40,2016
16,34,0,37,471,2006
17,67,0,12,880,2013
17,34,0,12,471,1998
18,14,0,12,402,2013
18,66,1,87,884,2018
19,4,0,49,40,1997
20,34,0,20,481,1995
21,34,0,12,481,1993
22,14,0,12,401,2003
24,14,0,37,402,2018
25,34,0,12,481,2013
26,4,0,55,36,2008
26,34,0,7,482,2017
27,34,0,20,482,2005
28,4,0,24,7,2007
28,61,0,12,870,2019
29,4,0,42,48,2002
29,21,0,12,461,2006
30,4,0,39,37,2009
31,5,0,63,32,2018
31,14,0,49,401,2010
33,14,0,2,405,2005
34,4,0,37,31,2003
35,14,0,59,403,2004
37,34,0,12,471,1999
38,6,0,52,47,2003
38,66,1,87,881,2010
39,4,0,12,23,2011
40,99,0,99,999,9999
41,4,0,55,33,2011
42,4,0,30,40,2014
43,15,0,20,421,2004
43,34,0,20,471,1989
44,6,0,35,51,2017
44,14,0,2,403,2012
44,2,0,35,47,2011
45,4,0,55,33,2013
45,66,2,51,881,2016
45,5,0,41,51,2005
46,34,0,35,472,2002
46,66,0,86,890,1985
47,4,0,51,47,2006
47,66,1,82,881,1995
48,14,0,18,401,2005
48,6,0,48,38,1993
48,14,0,48,401,2010
49,34,0,20,481,1998
50,6,0,12,25,2017
50,34,0,7,482,2010
51,4,0,49,32,2015
52,10,0,48,44,2006
53,4,0,37,32,2007
54,4,0,42,48,2007
55,2,0,37,32,2002
55,14,0,49,402,2020
56,4,0,12,37,2010
58,4,0,7,20,2001
59,4,0,37,32,2006
60,4,0,49,40,1993
60,15,0,37,422,2019
61,4,0,48,34,2011
62,6,0,18,24,2012
63,4,0,12,37,2007
64,66,1,82,881,2001
65,16,0,20,431,1996
66,6,0,12,24,2008
67,4,0,59,31,2005
67,66,0,98,809,2000
67,61,1,12,881,2019
68,4,0,59,31,2002
69,5,0,30,42,2015
69,20,0,37,441,2007
70,14,0,35,401,2008
71,4,0,30,40,2018
74,4,0,49,40,1996
74,4,0,49,40,1998
75,2,0,14,4,1996
76,80,0,53,706,2008
76,14,0,48,401,2016
77,80,0,37,706,1982
77,34,0,23,471,2002
78,14,0,20,401,2002
79,4,0,35,50,2011
80,4,0,37,31,2008
80,4,0,48,34,2018
82,4,0,14,17,1999
83,34,0,20,481,2006
83,63,1,85,881,2016
85,34,0,12,481,2007
86,4,0,37,31,1998
86,14,0,12,401,2016
87,20,0,37,441,2004
88,34,0,12,481,2005
89,1,0,32,45,2002
91,3,0,55,36,2002
92,14,0,55,401,2017
93,80,0,72,706,1997
93,80,0,72,706,2017
94,15,0,23,421,2004
95,99,0,99,999,9999
96,80,0,72,706,2006
97,80,0,53,706,2013
98,4,0,20,2,2006
98,80,0,73,706,1999
99,14,0,2,404,2006
99,80,0,72,706,2012
100,80,0,76,705,2007
101,34,0,12,471,2004
102,14,0,35,402,2001
103,80,0,76,705,2009
104,4,0,52,46,2008
104,15,0,37,421,2015
105,4,0,18,18,1996
107,80,0,72,706,2005
107,4,0,48,34,2018
108,14,0,63,401,2014
109,4,0,20,2,2007
110,96,0,98,734,2018
110,80,0,76,705,2015
111,4,0,49,32,2014
112,34,0,49,472,2016
113,4,0,54,35,2001
113,4,0,14,6,1994
114,2,0,7,28,2016
115,34,0,7,472,1999
116,5,0,49,46,2015
117,80,0,53,706,2014
117,15,0,3,421,2003
118,4,0,41,50,2016
120,90,0,98,739,2007
121,2,0,12,3,2006
123,4,0,49,40,1997
124,80,0,53,706,2003
125,34,0,41,471,1999
126,80,0,72,706,2019
127,14,0,7,402,2001
127,80,0,72,706,2004
128,4,0,20,2,2007
129,6,0,49,47,2003
129,14,0,49,402,2016
130,80,0,72,706,2019
131,14,0,49,401,1985
131,14,0,14,402,2006
132,80,0,53,706,2008
132,14,0,48,401,2007
133,80,0,72,706,2005
133,4,0,58,38,2011
133,34,0,35,471,1989
133,2,0,12,13,1999
134,80,0,72,706,2005
134,4,0,37,31,2009
135,80,0,72,706,2006
136,14,0,2,405,2005
136,80,0,72,706,2013
137,4,0,49,32,2003
137,16,0,20,431,1997
138,1,0,30,42,1989
140,34,0,20,481,2009
141,4,0,21,21,2003
142,6,0,6,52,2002
143,3,0,49,50,2007
144,6,0,35,51,2018
144,3,0,41,35,1992
145,80,0,76,706,2002
145,67,1,7,880,2001
146,4,0,22,20,2007
146,34,0,20,481,2006
147,16,1,12,423,2001
148,80,0,72,706,2017
148,34,0,12,481,2019
149,15,0,23,421,2007
151,14,0,62,404,2015
152,34,0,7,482,2018
152,14,0,37,402,1998
152,14,0,48,401,2017
153,34,0,12,481,2012
155,34,0,12,481,2017
155,80,0,34,706,2006
156,34,0,23,481,1995
158,90,0,53,734,2009
160,2,0,58,37,2008
161,80,0,76,705,2002
161,20,0,7,442,2002
162,80,0,72,706,2020
162,80,0,37,706,2004
163,14,0,55,401,2017
164,14,0,55,401,2005
164,21,0,20,461,2014
165,4,0,20,37,2012
165,5,0,49,46,2007
166,34,0,49,472,1996
167,14,0,12,401,1991
167,34,0,35,472,2005
168,4,0,35,50,2019
169,80,0,76,706,2012
169,61,0,12,870,2016
170,20,0,20,441,1995
171,4,0,34,37,2006
172,4,0,54,35,2000
172,34,0,20,481,2005
173,20,0,20,441,2001
173,34,1,12,481,2018
173,67,1,23,880,2019
175,34,0,20,481,1993
175,14,0,20,401,2002
176,4,0,37,32,1996
177,4,0,37,32,1992
178,14,0,35,402,2012
180,4,0,7,24,2007
181,80,0,76,703,2014
182,4,0,34,34,2013
183,96,0,98,734,2010
184,34,0,20,481,2008
185,34,0,20,481,2006
185,4,0,12,17,1996
186,4,0,10,41,1996
187,4,0,30,40,2001
187,4,0,54,36,1999
188,4,0,37,32,2009
189,80,0,73,703,2011
190,6,0,48,38,2015
191,34,0,12,481,2003
191,4,0,37,31,1991
191,34,0,23,481,1988
192,4,0,22,20,2004
192,4,0,37,32,1999
193,80,0,72,706,2006
194,14,0,12,401,1992
195,2,0,49,44,2000
195,4,0,49,40,2009
195,34,0,7,482,2001
195,4,0,6,51,2006
195,34,0,12,481,1994
196,4,0,37,31,2010
196,4,0,30,40,2006
197,4,0,37,32,2003
198,80,0,72,706,2011
198,4,0,37,32,1998
200,34,0,20,481,2007
201,80,0,73,705,2017
202,34,0,12,481,1974
203,4,0,37,31,2007
204,2,0,37,31,1994
205,80,0,73,704,2019
205,14,0,12,402,2013
206,34,0,12,481,1999
207,4,0,37,32,1998
207,63,0,85,881,2017
208,14,0,63,401,2002
209,15,0,12,422,2008
210,62,0,82,881,2015
211,14,0,63,401,2000
211,66,0,82,881,1996
211,34,0,23,481,2002
212,4,0,35,43,2004
213,4,0,30,40,1998
213,34,0,20,481,2001
214,4,0,59,34,1998
214,4,0,49,40,2001
215,80,0,72,706,2007
216,4,0,41,35,2001
217,4,0,53,33,2006
217,4,0,55,33,2011
217,80,0,73,704,2019
218,2,0,37,31,1999
218,34,0,20,473,2005
219,34,0,20,481,2004
220,96,0,98,734,2019
221,14,0,34,402,2007
222,66,0,85,881,2012
222,15,0,49,422,2002
223,63,1,85,881,2012
224,15,0,20,421,1993
225,4,0,37,31,1996
226,67,0,12,880,2006
227,5,0,12,37,2003
227,66,1,51,881,2019
228,4,0,51,46,2000
229,80,0,37,706,2003
230,4,0,30,46,2000
231,4,0,35,47,2004
232,90,0,98,733,2005
232,34,0,12,481,1995
233,4,0,21,20,1998
233,34,1,20,481,2007
234,4,0,37,32,1994
234,80,0,72,706,1996
235,34,1,12,481,2004
235,34,0,49,472,2016
236,80,0,53,705,2004
237,4,0,35,39,2001
237,34,0,20,473,2015
238,99,0,99,999,9999
239,4,0,37,32,1990
239,34,0,7,482,2012
240,34,0,12,481,1992
241,34,0,20,481,2000
241,66,1,51,881,2000
242,5,0,42,55,2016
243,4,0,49,32,2014
244,6,0,6,52,2007
245,34,0,20,481,2006
245,80,0,72,706,1991
246,20,0,37,441,2002
247,4,0,20,32,1993
247,67,1,12,880,2017
248,34,1,7,482,2006
248,80,0,72,706,2001
249,80,0,53,706,2001
249,5,0,37,39,2018
250,14,0,12,401,2017
250,51,0,98,907,2010
251,20,0,7,442,2000
251,14,0,23,401,2005
252,14,0,34,404,2017
253,80,0,53,706,2004
254,14,0,20,401,1992
255,2,0,32,52,2014
256,4,0,49,32,2004
257,20,0,41,441,2003
258,80,0,53,706,2018
259,80,0,72,706,2013
260,4,0,35,43,2018
260,80,0,76,706,2000
260,99,0,99,999,9999
261,4,0,13,15,2009
262,80,0,98,709,2000
263,6,0,35,49,2004
264,34,0,7,482,2001
265,14,0,7,402,1999
266,6,0,48,38,2013
266,14,0,41,403,2016
267,14,0,49,403,2015
267,14,0,49,401,2000
268,34,0,12,481,2002
268,14,0,12,402,2008
268,34,0,49,472,2015
269,80,0,72,706,2019
269,20,0,7,442,2011
270,61,0,7,881,2018
270,66,2,87,881,2019
271,14,0,2,403,1997
272,20,0,20,441,1997
274,15,0,23,422,2004
275,4,0,49,40,2003
276,14,0,20,403,2003
276,15,0,12,422,1997
277,15,0,42,421,2011
278,5,0,41,50,2006
278,4,0,32,43,2017
279,4,0,58,38,2006
280,14,0,35,402,2008
281,4,0,35,47,1999
281,2,0,37,31,1994
282,34,0,7,482,2009
282,4,0,63,38,2016
283,14,0,52,401,2003
284,80,0,72,706,1999
284,66,1,87,881,2003
284,60,0,82,881,2007
285,80,0,37,705,2007
285,14,0,12,402,2010
286,34,0,35,471,1993
286,66,1,85,881,2007
287,6,0,48,45,2019
287,14,0,2,404,2004
288,66,0,85,881,2010
288,14,0,2,404,2019
288,66,1,82,881,2017
289,80,0,72,706,2001
289,20,0,37,441,2013
290,21,0,12,461,1997
290,80,0,73,704,2020
291,10,0,20,38,2005
292,4,0,22,2,2003
293,4,0,35,47,2011
295,6,0,6,52,2004
296,2,0,20,9,2012
297,14,0,21,401,1997
297,14,0,49,402,2018
298,61,0,12,881,1999
299,4,0,20,16,2002
299,34,0,23,481,2015
300,3,0,54,38,2006
300,34,0,12,481,2018
301,14,0,12,402,2005
301,63,0,12,881,1995
302,99,0,99,999,9999
303,99,0,99,999,9999
304,34,0,20,481,2020
304,34,0,12,481,2000
305,20,0,37,441,2001
305,66,0,87,881,1990
306,34,0,20,481,2015
307,80,0,98,706,2016
308,2,0,34,34,1998
308,6,0,30,42,2017
309,80,0,73,706,2007
309,21,0,20,461,2007
310,80,0,76,706,2016
310,34,1,7,482,2012
312,34,0,7,472,2003
312,92,0,98,998,2010
313,4,0,41,35,2002
313,21,0,12,462,2015
314,1,0,12,3,2001
315,14,0,49,402,2011
316,6,0,48,38,2012
316,80,0,37,706,2004
317,20,0,9,442,1997
317,34,0,23,481,2003
317,14,0,55,402,2016
319,5,0,41,51,2005
319,14,0,2,404,1996
320,80,0,34,706,2017
320,4,0,20,37,2015
321,4,0,34,34,2006
321,1,0,69,54,2006
322,4,0,12,37,2008
324,2,0,20,2,1971
325,4,0,35,39,2003
325,5,0,49,46,2004
326,80,0,76,706,2003
327,14,0,2,408,2018
328,34,0,12,481,2012
329,80,0,72,706,2007
330,34,0,7,482,2019
331,34,0,49,472,2001
332,34,0,23,481,1991
333,15,0,49,422,2005
333,34,0,20,471,1997
333,61,0,20,870,1995
334,80,0,72,706,2019
334,80,0,37,705,2013
335,34,0,7,482,2001
336,99,0,99,999,9999
336,14,0,48,401,2017
337,3,0,35,48,2006
338,4,0,49,32,2016
338,66,1,84,881,2018
338,34,0,12,481,2005
339,14,0,63,401,2001
339,34,0,20,481,1995
340,14,0,23,401,2002
341,14,0,63,402,2006
342,3,0,37,31,1996
343,80,0,53,705,2006
344,82,0,72,706,2014
345,90,0,76,734,2008
345,80,0,37,703,1975
346,3,0,36,38,2013
346,80,0,76,706,2013
348,80,0,76,706,2007
348,3,0,54,38,2002
349,34,0,20,481,1990
350,15,0,20,421,2005
350,14,0,2,403,2014
350,4,0,48,34,1993
350,2,0,20,22,2008
351,80,0,53,706,2018
352,90,0,37,733,2005
352,61,0,20,881,2019
353,4,0,35,39,2002
353,34,0,12,481,1998
354,80,0,98,705,2007
355,1,0,22,398,1966
355,6,0,12,24,2007
355,52,0,92,988,2018
356,34,0,20,481,2009
356,63,0,87,881,1996
357,34,0,49,482,2017
358,4,0,49,40,2003
358,4,0,48,34,1999
358,4,0,37,31,2002
358,34,0,49,472,2017
359,62,1,20,881,1989
359,34,0,20,481,2004
360,4,0,39,32,1997
362,34,0,20,481,2003
362,66,0,84,884,1999
363,80,0,72,706,2016
364,15,0,12,425,2019
364,80,0,53,706,2006
365,15,0,2,422,2016
365,4,0,35,47,2007
366,15,0,23,421,2007
367,80,0,53,705,2007
368,2,0,12,3,1997
369,14,0,63,402,2019
369,4,0,32,59,2017
370,14,0,20,401,1995
370,34,0,7,482,2017
370,34,0,49,472,2009
371,80,0,72,706,2005
371,15,0,20,421,2005
372,99,0,99,999,9999
373,14,0,35,401,1993
373,4,0,49,40,1998
374,1,0,58,37,2009
375,34,0,7,472,1993
376,2,0,37,32,2012
376,6,0,20,23,2007
376,2,0,37,32,2006
377,80,0,76,705,2017
377,34,0,49,472,1995
378,34,0,12,481,2001
379,14,0,48,401,2015
379,34,0,12,471,1998
380,4,0,6,51,2018
381,66,1,82,881,2019
382,20,0,37,441,2003
382,66,1,84,881,2011
383,80,0,72,706,2005
384,4,0,49,40,2005
386,4,0,55,36,2013
387,14,0,49,402,2003
387,3,0,49,51,2011
387,15,0,35,421,2011
389,4,0,39,32,2013
390,15,0,20,422,2006
391,14,0,12,401,2015
391,15,0,42,422,2020
392,34,0,49,472,2004
393,80,0,72,706,2020
395,15,0,54,421,2002
398,15,0,41,421,2019
398,34,0,20,473,2004
399,4,0,35,398,1991
400,4,0,63,38,2016
401,5,0,7,25,2009
401,14,0,34,402,2009
402,34,0,20,481,2001
403,15,0,23,421,2001
404,4,0,64,32,2000
404,80,0,73,706,2014
405,4,0,6,51,2010
406,34,0,23,481,2004
407,15,0,37,421,2006
407,66,1,87,881,2016
409,34,0,49,471,1993
409,34,0,12,481,1998
410,4,0,37,32,2005
410,1,0,12,3,1999
410,20,0,35,443,2001
411,4,0,49,51,2008
411,34,0,7,472,1997
412,34,0,12,481,2014
413,34,0,20,481,2011
414,80,0,98,706,2016
415,21,0,20,461,2006
415,83,0,37,702,1999
416,14,0,2,404,2020
416,66,0,87,881,1997
417,2,0,18,5,1997
418,80,0,72,706,2019
419,34,0,23,481,2004
420,4,0,49,40,2009
420,80,0,72,706,2017
421,4,0,49,40,2012
421,4,0,7,43,2006
422,14,0,49,401,1997
422,14,0,18,404,2016
423,49,0,2,999,1968
423,34,0,7,482,2005
423,14,0,12,401,2011
424,15,0,20,421,2019
425,4,0,37,32,2006
426,5,0,20,29,2020
426,20,0,7,442,2000
427,4,0,35,47,2018
428,15,0,20,421,2004
429,4,0,58,37,2010
430,34,0,12,481,2013
431,6,0,49,46,2016
431,4,0,35,47,2000
432,84,0,98,703,2009
432,4,0,41,35,1997
434,14,0,34,402,2021
434,14,0,63,401,2020
435,2,0,32,50,2017
436,66,1,82,881,2013
436,80,0,37,705,2001
437,34,0,20,481,2003
437,5,0,30,42,2006
437,67,1,12,880,2016
438,49,0,99,999,9999
439,14,0,49,403,2004
440,34,0,20,481,2019
440,4,0,49,32,2014
441,14,0,20,404,2020
441,99,0,99,999,9999
442,34,0,12,481,2000
443,84,0,76,701,2006
443,34,0,12,481,2018
444,34,0,41,471,1996
445,34,0,49,472,2001
446,34,0,12,471,2003
446,14,0,12,401,2018
447,61,0,12,870,2017
448,14,0,48,403,2016
449,14,0,49,401,2019
450,4,0,55,33,2005
451,34,0,12,481,2015
451,4,0,37,32,1998
452,2,0,37,31,2007
452,34,0,23,481,2007
453,4,0,42,43,1998
453,34,0,20,481,2003
454,5,0,41,35,2002
454,14,0,20,404,2017
454,14,0,23,402,2011
455,4,0,35,47,2008
455,6,0,63,37,2013
456,4,0,20,37,2014
456,4,0,20,37,2005
457,14,0,49,403,2019
458,4,0,49,32,2015
459,20,0,37,441,2001
460,4,0,48,38,2008
460,6,0,48,34,1996
460,6,0,35,49,2004
460,14,0,37,403,2004
461,80,0,37,706,1998
461,4,0,55,35,2017
462,34,0,20,481,1995
463,6,0,48,45,2018
463,80,0,37,705,2004
464,4,0,37,32,2008
464,34,0,12,471,2005
465,2,0,37,32,2011
466,3,0,12,37,2007
466,14,0,59,403,2010
467,15,0,12,422,2003
468,4,0,6,42,1999
468,4,0,20,25,2014
469,80,0,72,706,2003
469,5,0,12,27,2013
470,4,0,35,50,2010
471,4,0,49,40,2011
472,34,0,20,481,2016
472,80,0,73,705,2011
472,66,2,87,881,2017
472,66,2,87,881,2017
472,34,0,20,481,2005
472,4,0,37,31,2006
472,4,0,34,35,2014
473,2,0,37,33,2000
473,63,1,85,881,2020
474,34,0,35,472,2008
474,4,0,24,1,1999
475,34,0,20,481,1988
476,34,0,20,481,1995
476,67,0,12,880,2018
477,4,0,7,24,2012
477,80,0,37,703,2015
478,20,0,23,441,1994
479,80,0,37,705,2003
480,14,0,18,401,2003
481,4,0,55,33,2004
482,14,0,23,401,2003
482,65,0,98,850,1990
483,4,0,20,37,2004
483,6,0,63,37,2013
484,4,0,41,50,2013
485,34,0,7,472,1993
486,4,0,49,40,1997
486,66,2,85,881,2020
487,34,0,7,472,2000
488,2,0,54,37,1999
489,34,0,20,481,2001
490,34,0,20,481,2014
491,4,0,37,31,2001
492,34,0,7,482,2016
492,66,1,86,881,2021
492,34,0,7,472,2006
492,4,0,34,34,2009
492,4,0,49,40,2007
493,34,0,23,481,2009
494,80,0,98,706,2019
494,4,0,19,21,2005
495,34,0,20,481,2002
496,99,0,99,999,9999
497,3,0,30,42,2008
498,4,0,37,38,2018
498,4,0,37,32,2010
499,14,0,2,404,2013
500,4,0,55,35,2009
501,4,0,19,21,2006
501,4,0,41,51,2008
502,21,0,12,461,2013
503,34,0,20,481,1999
503,61,0,12,881,2004
504,4,0,37,31,1998
504,34,1,20,481,2011
505,4,0,22,16,1997
505,4,0,37,32,2014
506,2,0,37,31,1998
507,14,0,55,402,2018
508,4,0,49,32,1998
508,14,0,2,404,2019
508,14,0,37,402,2007
508,4,0,49,32,2017
509,34,0,49,471,1993
510,4,0,34,35,2021
511,6,0,6,52,2001
511,67,0,7,880,2018
512,14,0,37,402,2012
513,4,0,7,20,2004
514,34,0,12,471,2011
515,14,0,12,401,2003
516,96,0,98,734,2017
517,62,0,82,881,2013
517,4,0,12,17,2008
517,15,0,20,421,2001
518,4,0,52,46,2006
519,34,0,49,472,2015
519,34,1,20,481,2015
521,20,0,7,442,1998
522,4,0,47,35,2006
523,4,0,20,16,2000
523,34,0,12,481,1999
524,99,0,99,999,9999
525,34,0,12,481,2005
525,2,0,7,28,2019
526,66,1,87,881,1991
526,66,0,51,881,2012
526,15,0,37,421,2017
526,4,0,22,18,2004
527,6,0,48,45,2016
528,10,0,48,44,2003
528,80,0,72,706,2017
530,15,0,54,421,2011
531,5,0,48,38,2018
532,80,0,98,705,2007
532,4,0,20,2,2006
533,4,0,22,18,2005
534,21,0,20,461,1990
535,9,0,99,399,9999
536,4,0,12,23,2019
537,4,0,58,32,1994
538,5,0,49,46,2007
538,4,0,49,32,2015
539,34,0,12,481,1982
539,15,0,20,421,2005
540,4,0,20,25,2017
541,34,0,20,482,2003
542,4,0,20,2,2010
542,8,0,35,43,2001
543,2,0,37,33,1992
543,34,0,12,481,2019
543,34,0,12,471,2004
544,4,0,55,33,2009
545,80,0,72,706,2012
546,2,0,14,4,1997
547,4,0,12,16,2011
548,14,0,59,403,2017
549,14,0,35,401,2016
549,66,1,82,881,2017
550,98,0,97,997,9998
551,4,0,37,31,1998
552,61,0,38,883,2016
553,4,0,63,34,2015
554,14,0,53,405,2006
555,34,0,7,482,2014
555,14,0,42,403,2015
556,1,0,12,4,2003
557,34,0,20,481,2019
558,34,0,7,482,2015
558,6,0,48,34,1997
559,4,0,35,47,2016
559,20,0,7,442,1999
560,6,0,49,46,2014
561,2,0,7,28,2016
562,34,0,20,481,2006
563,6,0,48,34,1990
564,34,0,12,481,2013
565,34,0,20,481,2001
566,20,0,49,442,2013
566,20,0,20,441,2000
567,6,0,12,17,1997
567,2,0,12,3,1998
568,4,0,13,13,2014
568,15,0,48,421,2019
569,80,0,37,704,1985
569,4,0,20,22,2005
570,80,0,73,706,2009
571,15,0,3,421,9999
572,34,0,23,481,2007
573,98,0,97,997,9998
574,14,0,99,499,9999
575,98,0,97,997,9998
575,66,0,85,881,1998
1,83,0,98,709,9999
2,34,0,12,471,1994
3,4,0,49,40,2004
4,4,0,58,37,2007
5,34,0,20,481,2018
5,16,0,12,423,2001
6,34,0,7,482,2001
6,4,0,55,33,2011
6,14,0,48,401,2013
7,34,0,12,481,1986
8,4,0,20,37,2014
9,6,0,48,38,1993
9,5,0,20,29,2014
10,14,0,37,402,2012
11,4,0,41,35,1985
11,67,1,12,880,2006
12,14,0,53,402,2002
12,34,0,12,481,1999
12,2,0,20,16,1998
13,4,0,49,40,1998
14,34,1,20,481,2006
15,16,0,23,431,2002
15,34,0,20,481,2014
16,34,0,12,471,2008
18,4,0,58,41,2018
20,14,0,12,401,2004
21,34,0,49,472,1996
22,4,0,55,36,2013
23,14,0,2,404,2001
24,20,0,35,443,2001
25,34,0,49,482,2002
25,34,0,23,481,2013
26,14,0,53,405,2003
26,34,0,35,481,2011
28,34,0,7,482,2005
28,66,2,82,881,2019
28,66,1,85,881,2019
30,4,0,12,17,2005
32,14,0,2,404,2019
33,5,0,30,42,1998
33,34,0,12,481,1999
33,3,0,67,32,2012
33,63,0,84,881,2021
34,2,0,20,36,2002
34,34,0,20,481,2009
35,34,0,12,481,2010
35,20,0,37,441,2003
36,4,0,20,34,2000
36,15,0,49,422,2016
37,4,0,7,29,2015
38,14,0,49,401,2021
39,4,0,35,47,2019
39,67,0,7,880,2019
40,4,0,6,51,2011
41,34,0,12,481,1998
42,14,0,49,403,2017
42,4,0,49,32,2010
43,96,0,98,734,2019
44,34,0,7,482,2020
45,83,0,37,704,2005
46,6,0,2,1,2007
46,6,0,48,45,2012
47,6,0,55,35,2009
47,4,0,12,17,2009
48,66,1,85,881,2013
48,4,0,34,34,2017
48,66,1,82,881,2020
48,4,0,37,31,2008
49,15,0,37,421,2012
51,14,0,20,403,2005
51,20,0,37,441,2007
52,34,0,23,481,2007
52,3,0,30,47,2000
53,4,0,7,26,2008
54,4,0,30,40,2001
55,4,0,41,35,2002
56,4,0,55,33,2017
56,14,0,41,403,2020
57,34,0,12,481,2013
58,4,0,63,32,2010
58,4,0,37,32,2003
58,14,0,30,402,2012
58,34,0,35,481,2009
58,14,0,37,402,2014
58,4,0,55,35,2018
59,4,0,14,17,2005
59,6,0,12,24,2018
59,66,1,87,881,2007
60,80,0,71,706,2007
61,5,0,20,29,2018
62,4,0,54,35,2004
63,4,0,32,42,1999
64,80,0,53,704,2020
65,66,1,82,881,2003
65,4,0,35,43,2019
65,34,0,12,471,1998
66,4,0,12,16,2000
67,2,0,58,37,2003
68,4,0,49,40,2016
68,52,0,92,988,2012
69,14,0,49,402,2013
70,63,0,85,881,2015
71,4,0,35,43,2006
71,14,0,20,404,2018
71,5,0,49,46,2019
71,4,0,49,40,2011
72,4,0,49,40,1997
72,14,0,49,401,1999
73,16,0,23,431,2000
74,34,0,12,481,2015
75,80,0,73,705,2006
75,14,0,13,401,2005
76,14,0,38,402,1997
76,61,0,38,882,2020
77,14,0,35,402,2005
78,20,0,6,441,2002
78,14,0,2,404,1997
79,4,0,37,32,2002
80,66,1,82,881,2018
81,14,0,63,402,2008
81,34,0,20,481,2009
82,10,0,48,44,2005
82,14,0,12,401,2003
83,4,0,35,47,2010
83,80,0,73,705,2008
84,34,0,12,481,2001
85,90,0,37,733,2013
85,34,1,7,482,2003
87,63,0,87,881,2021
88,66,1,86,884,1978
89,66,1,87,881,2005
89,34,0,20,471,2000
89,67,0,12,880,2017
90,6,0,12,24,2014
90,4,0,59,35,2018
90,6,0,35,49,2005
90,61,0,38,882,2014
91,20,0,6,441,1999
92,4,0,49,40,2011
92,5,0,49,51,2012
92,34,0,7,482,2004
92,4,0,37,31,2010
93,20,0,6,441,2003
94,4,0,30,40,2013
94,34,0,20,481,2020
94,14,0,30,402,2019
96,66,1,84,881,2020
97,34,0,49,472,2006
97,20,0,20,444,2006
98,80,0,53,705,2008
99,4,0,49,32,2004
99,4,0,30,40,2009
100,4,0,14,21,2007
100,66,1,82,881,2001
101,80,0,72,706,2017
102,4,0,30,40,2013
103,2,0,49,45,2001
103,15,0,7,422,2017
104,6,0,49,46,2017
105,99,0,99,999,9999
106,4,0,32,43,2006
107,34,0,7,481,1985
109,34,0,7,482,2017
110,80,0,72,706,2002
110,14,0,37,402,2002
111,4,0,37,31,2007
111,4,0,51,47,2006
112,5,0,42,55,2017
113,80,0,72,706,2011
113,80,0,72,706,2009
113,14,0,48,401,1999
113,14,0,37,402,2003
114,14,0,37,402,2016
115,61,0,12,881,2019
116,4,0,12,23,2010
116,34,0,7,482,2012
117,4,0,20,37,2018
119,4,0,37,32,2008
120,67,0,12,880,2005
121,4,0,49,40,2012
122,4,0,30,40,2002
123,4,0,37,31,1996
123,80,0,72,706,2004
124,4,0,34,34,2011
125,14,0,20,404,2008
125,15,0,23,421,2006
126,4,0,59,32,1996
128,80,0,76,706,2007
129,8,0,35,399,9999
130,4,0,55,35,2010
131,6,0,12,24,2015
132,4,0,37,31,1995
133,4,0,55,35,2002
133,66,1,98,804,2016
134,80,0,73,706,2017
134,14,0,37,404,2018
135,4,0,63,38,2017
135,80,0,72,706,2016
136,3,0,30,42,2013
137,80,0,53,706,2004
137,4,0,18,2,2002
138,4,0,37,32,2004
139,66,1,82,881,1999
140,20,0,7,442,2019
140,34,0,23,481,2016
141,80,0,73,703,2017
141,66,1,85,881,2006
142,4,0,35,47,2003
143,9,0,30,42,9999
144,2,0,20,9,2000
145,4,0,12,37,2000
145,34,0,20,473,2019
146,80,0,72,706,2021
148,34,0,7,482,1999
149,80,0,34,706,2015
150,6,0,12,13,1994
150,67,0,12,880,2017
151,4,0,20,22,2006
151,4,0,34,34,2008
152,80,0,72,706,2016
152,66,2,85,881,2018
153,19,0,12,498,2021
154,80,0,72,706,2018
154,10,0,30,43,1981
155,34,0,12,481,1981
156,29,0,99,499,9999
157,20,0,9,442,1994
158,80,0,53,706,2014
158,80,0,98,706,2021
158,4,0,12,23,2016
158,4,0,30,40,2019
159,4,0,32,43,2005
160,4,0,63,34,2008
161,14,0,48,401,2008
161,4,0,42,48,2011
161,14,0,52,402,2011
162,34,1,20,481,2018
163,4,0,30,46,2006
163,63,0,87,881,2013
165,4,0,34,37,1983
166,4,0,63,34,2009
167,66,1,84,881,2000
168,4,0,24,7,2006
168,14,0,34,402,2017
168,34,0,12,481,2013
169,1,0,6,43,1999
170,4,0,35,47,2009
170,4,0,37,31,2009
171,4,0,49,40,2012
172,67,0,12,880,2011
172,67,1,7,880,1997
173,14,0,34,402,2011
173,4,0,42,48,1998
174,4,0,29,5,2018
175,34,0,12,481,2006
176,14,0,48,401,1998
178,6,0,48,45,2006
178,14,0,2,403,1994
179,99,0,99,999,9999
180,2,0,37,32,1995
181,84,0,98,701,2014
183,80,0,72,706,2003
183,14,0,35,401,2006
184,34,0,12,481,2011
184,5,0,41,51,2015
185,80,0,53,705,2006
186,4,0,12,17,2003
186,21,0,7,463,2019
187,80,0,73,706,2015
188,20,0,37,441,2003
188,34,0,12,481,2001
189,4,0,49,32,2009
190,4,0,35,47,2019
190,14,0,51,401,2018
191,14,0,59,403,2019
192,80,0,34,706,2015
192,80,0,72,706,2018
193,4,0,55,35,2005
194,4,0,37,32,2010
195,14,0,48,401,2009
195,80,0,98,706,2019
196,6,0,14,36,1999
197,4,0,49,32,1990
197,14,0,49,402,2017
198,34,0,12,471,2003
199,15,0,20,421,2001
200,34,0,12,481,1973
200,66,0,51,881,2009
201,4,0,12,37,2013
201,63,0,82,898,2021
202,67,0,12,880,2012
202,14,0,41,403,2020
202,66,1,82,881,2019
204,14,0,14,401,2004
205,6,0,6,52,2001
205,14,0,2,404,2011
206,4,0,55,35,2008
207,14,0,23,402,2012
207,80,0,53,706,2020
208,16,0,19,431,9999
208,5,0,49,46,2015
209,14,0,20,404,2006
209,34,0,7,482,2016
209,34,0,12,481,2015
210,14,0,49,403,2011
210,5,0,49,46,2010
211,80,0,72,706,2019
212,4,0,49,40,2001
212,14,0,7,403,2008
213,34,0,20,481,2011
214,5,0,63,33,2007
214,66,1,84,881,2019
215,2,0,35,47,2011
216,4,0,20,37,1999
217,34,0,7,481,1990
217,14,0,20,403,2006
218,80,0,72,706,2006
218,34,0,12,481,2015
218,4,0,35,43,2018
219,66,1,85,881,2014
219,4,0,37,32,1997
219,66,1,82,881,2019
220,80,0,37,706,1985
221,15,0,35,421,2004
221,2,0,37,31,2017
221,14,0,12,401,2017
221,14,0,49,401,2020
222,80,0,73,705,2007
223,14,0,7,403,2007
223,34,0,23,481,1996
224,6,0,13,14,2010
224,5,0,35,50,2011
225,80,0,72,706,2008
226,34,0,20,481,2000
227,6,0,48,34,1998
228,14,0,41,402,2002
229,4,0,52,34,2003
229,63,0,82,881,2007
230,80,0,73,706,2007
230,34,1,20,481,2005
231,14,0,49,401,2015
232,14,0,41,402,2004
232,66,1,85,881,2015
233,4,0,48,38,2004
234,14,0,49,401,1998
236,6,0,20,23,2009
236,4,0,49,40,1995
238,4,0,59,32,1991
239,4,0,20,37,2004
239,92,0,98,998,1995
240,14,0,55,404,2020
241,4,0,49,43,2002
242,14,0,49,402,2003
243,14,0,2,403,2014
243,80,0,72,706,2003
244,1,0,20,4,2008
244,80,0,73,705,2007
245,80,0,72,706,2009
245,34,1,12,481,2017
246,80,0,72,706,2007
247,4,0,54,31,1990
247,34,0,7,482,2014
248,15,0,12,422,1998
248,66,2,82,881,1999
249,4,0,49,40,2004
250,15,0,7,422,2005
251,66,1,82,881,2018
252,15,0,23,421,1995
252,15,0,23,421,1995
252,15,0,12,422,2006
253,80,0,72,706,2014
254,80,0,76,705,2003
254,4,0,41,51,2017
255,90,0,73,734,2004
256,6,0,49,49,2006
258,4,0,32,43,2011
259,14,0,49,403,2003
260,4,0,49,40,2003
261,4,0,55,33,2002
261,15,0,23,421,2005
262,80,0,72,706,2016
262,34,0,7,482,2003
263,80,0,73,705,2006
263,20,0,30,441,1989
264,80,0,73,705,2007
265,14,0,35,401,2005
266,34,0,7,499,1974
266,34,0,7,482,2017
267,80,0,72,706,1992
267,34,0,7,482,2007
268,34,0,12,481,1996
269,34,0,35,472,2000
270,3,0,35,48,2007
271,80,0,72,706,2020
272,61,0,20,881,1996
272,15,0,37,421,2012
273,6,0,49,46,2017
274,80,0,76,706,2010
274,80,0,73,706,2005
275,96,0,98,734,9999
275,4,0,37,32,2010
276,80,0,72,706,2016
277,34,0,49,472,2004
277,4,0,7,24,2012
279,34,0,12,481,2001
279,66,1,87,881,2020
280,34,0,12,473,2003
281,2,0,12,3,2006
282,15,0,37,421,2003
282,6,0,49,49,2006
283,14,0,2,404,1997
283,34,0,23,481,2016
284,4,0,35,47,2017
284,4,0,9,20,2001
285,4,0,49,40,2021
286,34,0,23,481,2015
286,15,0,20,423,2017
286,15,0,19,421,2007
287,4,0,29,5,2019
288,4,0,20,20,1992
289,4,0,99,399,9999
290,80,0,72,706,2006
291,4,0,41,51,2005
291,63,0,84,881,2007
292,4,0,37,31,2001
292,14,0,49,402,2000
293,80,0,76,705,2004
294,34,0,35,471,1995
296,4,0,49,40,1996
297,80,0,72,706,2005
297,6,0,12,24,2011
298,62,0,98,806,2016
298,34,0,20,481,2005
299,80,0,72,706,2017
300,15,0,37,421,2003
302,99,0,99,999,9999
303,4,0,20,37,2006
303,80,0,76,706,2014
304,20,0,12,442,2001
305,21,0,23,461,2014
305,63,0,98,898,2015
305,14,0,49,403,2002
305,14,0,37,402,2012
306,14,0,20,403,2007
306,34,0,20,481,2009
307,34,0,23,471,2003
307,4,0,37,32,1996
308,66,1,82,881,2020
309,80,0,73,706,2004
310,4,0,37,31,1999
310,4,0,32,42,2014
310,4,0,49,40,1997
310,34,0,7,482,2010
311,14,0,18,405,2018
311,66,1,82,881,2019
312,80,0,72,706,2003
312,14,1,2,407,2016
314,61,0,38,882,2012
315,4,0,42,48,2001
315,80,0,37,705,1989
317,4,0,37,32,2005
318,34,0,12,481,2012
318,14,0,35,401,2014
318,6,0,48,38,2001
319,80,0,73,705,2009
319,61,0,12,881,2012
320,14,0,30,403,2021
320,6,0,48,34,2005
320,14,0,2,404,2016
321,4,0,37,32,1995
321,66,2,82,881,2021
323,6,0,35,49,2004
323,66,0,82,881,2006
324,4,0,49,32,2009
325,4,0,37,31,2006
325,15,0,20,422,2011
326,15,0,23,421,2006
327,6,0,20,23,2008
328,4,0,55,35,1999
329,4,0,20,2,2017
329,4,0,41,49,2005
330,4,0,20,22,2006
331,90,0,37,734,2005
332,2,0,12,4,1996
333,4,0,12,37,2007
335,82,0,72,706,2010
336,14,0,37,404,2019
336,4,0,37,31,2015
337,61,0,7,881,2009
337,2,0,37,31,1994
338,80,0,73,703,2013
339,34,0,12,481,1998
340,14,0,12,401,2002
341,14,0,34,402,2013
341,66,1,85,881,2020
342,4,0,37,31,1999
343,3,0,12,13,1994
343,4,0,52,34,2007
344,14,0,55,401,2006
345,4,0,37,31,2008
346,14,0,2,404,2001
347,4,0,59,31,2000
348,4,0,12,17,2007
349,15,0,20,421,2001
350,4,0,21,2,1998
350,14,0,49,402,2008
350,4,0,37,32,1992
351,34,0,12,471,1999
351,66,1,82,881,2020
352,4,0,21,21,2003
352,34,0,37,471,2019
353,80,0,72,706,2011
353,20,0,6,443,2020
353,34,0,12,481,2016
354,1,0,6,43,2005
355,4,0,48,38,2006
358,4,0,54,35,2003
358,14,0,49,403,2004
359,5,0,41,51,2014
360,4,0,49,40,2003
360,14,0,14,402,2006
361,80,0,72,706,2009
361,14,0,55,401,2011
362,34,0,12,481,1983
363,80,0,72,706,2008
364,6,0,48,34,1999
365,4,0,20,37,2008
365,80,0,37,705,1983
366,14,0,2,405,2007
367,14,0,20,404,2020
368,14,0,20,401,1997
369,4,0,24,1,2000
369,63,0,85,881,1989
370,4,0,13,13,2016
370,14,0,37,402,2008
371,3,0,36,38,2013
371,66,2,85,881,1998
372,20,0,7,442,2017
373,34,0,7,482,2005
374,80,0,37,705,2014
374,14,0,35,402,2000
375,1,0,20,9,2012
375,15,0,42,421,2013
376,4,0,34,34,2004
376,9,0,55,42,2014
376,34,0,12,471,1993
377,4,0,37,32,2004
378,4,0,48,34,2012
379,99,0,99,999,9999
379,98,0,97,997,9998
380,34,0,20,481,2016
381,3,0,10,37,1997
382,34,0,12,481,2012
383,4,0,37,32,2016
383,21,1,7,461,1998
384,2,0,20,9,1979
384,34,0,23,481,2005
385,80,0,73,705,2014
385,34,0,12,481,2011
386,80,0,37,705,2009
386,34,0,7,482,2016
387,3,0,56,31,1987
388,4,0,49,40,2004
388,49,0,2,999,9999
389,15,0,20,423,2015
389,80,0,72,706,2021
390,34,0,12,481,1993
391,4,0,54,35,2001
392,14,0,35,401,1996
392,34,0,35,472,2018
393,4,0,35,43,2019
394,4,0,30,46,2018
395,84,0,98,703,2022
395,6,0,49,46,2016
395,99,0,99,999,9999
396,66,1,51,881,2000
397,4,0,41,51,2007
397,66,1,51,881,2005
397,66,1,82,881,2020
397,66,1,51,881,2021
397,5,0,32,48,2016
398,4,0,24,7,2006
399,4,0,48,34,2001
400,63,1,85,881,2007
401,4,0,49,40,2012
402,4,0,12,37,2018
403,4,0,59,35,2012
404,80,0,71,705,2009
405,34,0,20,481,2005
406,4,0,48,38,2012
406,34,0,49,482,2007
407,15,0,37,421,2010
407,80,0,53,705,2001
409,99,9,99,999,9999
410,4,0,37,31,1999
410,61,0,23,882,2004
411,34,0,12,471,1996
411,20,0,6,441,2014
412,14,0,18,402,2004
412,5,0,49,46,2009
412,14,0,37,402,2008
412,14,0,55,401,2007
413,80,0,72,706,2000
413,4,0,49,40,2014
414,66,1,82,881,2020
414,34,0,12,471,1994
415,5,0,20,28,2015
416,34,0,49,472,2019
416,4,0,55,33,2018
417,4,0,12,23,2013
418,4,0,7,24,2007
419,66,0,82,881,1991
419,90,0,37,733,1993
420,14,0,51,401,2010
421,66,1,82,881,2017
422,4,0,48,38,2009
422,4,0,49,40,2005
423,34,0,7,482,2009
424,34,0,20,481,1995
425,34,0,7,482,2003
425,4,0,49,40,2010
425,6,0,12,24,2011
426,80,0,73,705,2021
427,49,0,99,999,9999
428,2,0,20,22,2008
428,4,0,49,32,1996
428,14,0,37,402,2013
429,63,1,85,881,2022
429,14,0,35,402,2000
430,34,0,12,481,2001
431,6,0,52,47,2004
432,4,0,59,35,2002
432,67,0,12,880,2019
433,14,0,35,401,1997
434,4,0,37,32,2008
434,6,0,48,45,2018
434,52,0,92,988,2013
435,80,0,37,706,1998
436,4,0,35,47,2016
437,4,0,30,40,2006
437,66,1,85,881,2015
438,14,0,53,404,2009
438,4,0,20,2,1966
438,4,0,30,40,2021
439,34,0,12,481,2004
439,80,0,37,706,1994
440,66,1,85,881,2021
440,34,0,37,471,2006
440,34,0,7,482,2018
440,67,1,12,880,2018
441,34,0,2,482,1992
441,4,0,32,43,2014
442,34,0,7,482,2002
443,80,0,73,706,2021
443,34,0,49,472,2006
444,4,0,12,23,2017
444,14,0,51,401,2020
445,5,0,12,37,2015
445,66,2,85,881,2019
446,34,0,12,481,1975
446,14,0,38,402,1999
447,4,0,55,35,2012
447,66,2,87,881,2019
449,34,0,35,472,2005
450,4,0,12,17,1994
450,4,0,42,54,2016
450,4,0,20,22,2005
451,4,0,20,2,2008
452,2,0,49,44,2004
453,34,1,12,481,2017
454,34,0,23,481,2006
455,14,0,18,405,2020
455,1,0,59,36,2002
455,14,0,63,402,2012
456,15,0,2,422,2020
458,80,0,53,705,2007
458,5,0,49,51,2010
459,34,0,20,471,1998
460,66,1,82,881,2020
461,4,0,12,17,1994
461,34,0,49,472,2015
462,4,0,41,50,2003
463,34,0,20,481,1992
464,34,1,12,481,2003
464,14,0,63,402,2019
464,14,0,35,401,1994
465,90,0,98,734,2017
466,4,0,35,47,2005
467,66,1,82,881,1999
468,6,0,6,54,2004
468,14,0,55,402,2022
469,4,0,24,7,2007
470,6,0,49,47,2007
470,34,0,12,481,2014
470,34,0,12,481,2015
471,4,0,55,35,2016
471,66,0,84,881,1999
472,4,0,35,39,1997
473,34,0,23,481,2017
474,80,0,72,706,2020
474,14,0,49,402,2015
475,4,0,20,25,2011
475,6,0,48,34,1996
476,6,0,49,49,2005
476,34,0,49,472,1998
476,34,0,7,472,2001
477,34,0,49,472,1997
477,34,0,35,472,2012
478,2,0,37,31,2009
479,6,0,63,37,2017
480,14,0,2,404,1999
480,4,0,20,25,2015
480,98,0,97,997,9998
481,6,0,35,49,2017
481,1,0,30,47,2013
481,6,0,48,34,1998
482,14,0,42,401,2011
482,63,1,87,881,2022
483,34,0,7,482,2013
483,66,1,85,881,2021
484,4,0,35,39,2018
486,3,0,49,50,2006
487,4,0,7,24,2021
487,80,0,37,706,2008
488,2,0,35,47,2009
488,15,0,20,422,2004
489,34,1,12,481,2002
490,99,0,99,999,9999
491,4,0,30,40,2017
491,14,0,12,402,2011
491,4,0,49,43,2005
491,3,0,37,31,1991
491,14,0,49,401,2001
492,6,0,12,24,2012
493,34,0,7,472,2002
494,9,0,37,31,9999
494,4,0,49,32,2006
495,3,0,30,47,2014
497,14,0,12,402,2003
498,34,0,12,471,1994
498,4,0,37,31,2000
498,15,0,23,421,2003
499,20,0,49,442,1999
500,80,0,37,706,2000
500,15,0,63,421,2009
501,4,0,59,35,2016
502,4,0,37,31,2005
502,15,0,20,421,2004
503,34,0,12,481,2017
504,4,0,37,31,2003
504,99,0,99,999,9999
505,4,0,59,35,2002
506,14,0,55,404,2018
506,5,0,20,39,2004
506,14,0,49,403,2010
507,80,0,37,705,2003
507,4,0,29,5,2021
508,34,0,12,471,1996
509,14,0,2,403,2019
509,4,0,59,31,2004
510,4,0,55,41,2012
510,6,0,58,44,2015
511,4,0,18,19,2012
512,4,0,48,38,2012
513,4,0,32,43,2015
513,66,1,82,881,2020
514,66,1,82,881,2020
514,63,1,85,881,2003
515,4,0,7,43,2000
516,4,0,54,36,2006
516,4,0,55,35,2013
517,4,0,12,37,2009
518,15,0,12,422,2004
519,2,0,49,44,1999
519,15,0,54,421,2012
519,14,0,59,403,2012
520,4,0,49,40,1995
520,34,0,12,471,1995
521,2,0,12,13,1998
521,14,0,12,401,1996
522,21,0,12,462,2018
523,4,0,49,32,1996
524,14,0,49,401,1997
524,4,0,49,40,2009
525,20,0,7,442,2012
525,3,0,30,42,2007
525,4,0,6,51,2012
526,1,0,41,45,2007
528,14,0,34,402,2012
529,15,0,12,422,2017
530,67,1,7,880,1996
531,2,0,35,34,1975
531,80,0,72,706,2005
532,4,0,49,40,2004
533,14,0,59,404,2010
534,14,0,12,401,1996
535,4,0,41,35,2002
535,66,1,82,883,1987
536,5,0,30,42,2019
537,99,0,99,999,9999
538,14,0,2,404,1997
538,2,0,32,54,2015
539,8,0,12,398,1968
540,6,0,52,47,2012
541,15,0,54,421,2005
542,14,0,12,401,2017
542,4,0,42,48,2010
543,21,0,12,461,2003
543,34,0,49,472,2011
544,4,0,37,32,2001
544,14,0,12,402,2009
545,14,0,20,404,2005
546,34,0,12,471,1997
546,4,0,20,20,2001
546,14,0,2,404,2013
547,5,0,42,55,2017
548,4,0,18,22,2006
548,34,0,49,482,2008
549,80,0,72,706,2020
550,2,0,42,42,2021
550,14,0,2,403,2010
551,10,0,48,44,2006
551,4,0,59,35,2006
551,34,0,20,473,2005
552,4,0,12,23,2012
553,20,0,49,442,2013
554,4,0,49,43,2004
554,66,1,82,881,2021
555,34,0,49,472,2001
556,4,0,20,16,2005
557,6,0,58,40,2011
558,15,0,19,421,2004
558,5,0,49,46,2005
559,34,0,7,472,2005
560,14,0,7,402,1999
561,4,0,20,37,2015
563,8,0,99,399,9999
565,34,1,20,481,2000
566,34,0,12,481,2018
567,14,0,20,404,2011
568,20,0,7,442,2007
569,14,0,49,498,2021
570,14,0,35,404,2019
571,14,0,12,401,1996
571,52,0,92,988,2010
572,15,0,45,421,2004
572,4,0,37,32,2017
573,80,0,37,705,2011
574,80,0,76,706,2009
575,4,0,51,47,2001
575,4,0,42,42,2009
577,34,1,23,481,2019
578,66,0,82,881,2021
579,14,0,63,401,2017
580,34,0,12,481,2000
582,2,0,12,3,2007
583,4,0,54,35,2000
583,84,0,98,703,2019
584,14,0,35,403,2017
585,4,0,59,35,2001
586,4,0,54,35,2004
587,6,0,35,51,2018
588,14,0,42,405,2017
589,2,0,37,32,2015
589,14,0,37,402,2015
589,6,0,48,34,2002
590,14,0,23,401,2005
591,4,0,12,17,2005
591,34,0,7,482,2013
592,1,0,35,48,2012
593,4,0,35,47,2014
594,80,0,37,706,2001
595,5,0,49,46,2014
596,61,0,12,870,2013
597,4,0,63,32,2016
598,34,0,20,481,2013
598,80,0,37,706,2004
599,34,0,49,472,2004
599,6,0,12,13,1994
600,14,0,49,405,2020
601,14,0,23,401,2007
602,61,0,12,870,2010
603,2,0,37,32,2001
604,2,0,37,31,1999
605,6,0,48,45,2014
605,34,1,7,482,2001
606,6,0,51,43,2004
607,4,0,55,33,2007
608,34,0,7,472,1993
608,6,0,2,1,2020
609,20,0,12,444,2021
609,14,0,49,403,2002
610,6,0,48,34,2004
610,14,0,49,403,2011
611,6,0,7,21,2007
612,20,0,7,442,1996
612,4,0,59,31,2001
612,4,0,49,46,2002
613,80,0,72,706,2007
613,6,0,41,52,2010
614,4,0,24,1,2002
614,4,0,42,48,2016
615,14,0,20,401,2002
616,5,0,41,51,2014
617,4,0,13,1,1992
618,4,0,48,38,2003
618,83,0,37,701,9999
619,14,0,34,402,2020
620,14,0,49,402,2018
620,80,0,76,706,1999
621,14,0,12,401,2001
622,80,0,37,705,2002
622,4,0,55,35,2009
623,14,0,35,404,2020
624,63,0,85,881,2007
624,4,0,34,34,2016
624,14,0,48,498,2021
625,61,0,12,881,2006
626,80,0,37,706,2012
627,14,0,12,401,2000
628,80,0,37,706,2008
628,4,0,7,24,2010
628,15,0,2,422,2020
629,99,9,99,999,9999
630,4,0,12,23,2010
631,34,0,35,472,2002
631,34,0,20,481,2015
631,20,0,37,441,2011
631,14,0,37,402,2010
631,34,0,12,481,2005
631,4,0,37,32,2011
631,4,0,48,34,1999
631,61,0,20,881,2007
631,4,0,30,40,2014
631,34,0,23,481,2011
632,34,0,99,499,9999
633,6,0,52,47,2003
634,4,0,19,21,2007
635,98,9,97,997,9998
636,4,0,49,32,2010
636,4,0,49,40,2017
638,34,0,20,481,1992
639,4,0,37,31,2005
639,4,0,55,36,2017
640,14,0,55,402,2007
