case,year,par,repjur
1,2017,E628946,2.0
2,2017,E627989,26.0
4,2017,3747633,263.0
5,2017,E628691,4.0
6,2017,3746306,263.0
6,2017,3746306,263.0
6,2017,3746306,263.0
7,2017,E629178,5.0
8,2017,E629981,6.0
8,2017,E629981,6.0
8,2017,E629981,6.0
9,2017,E632204,4.0
9,2017,E632204,4.0
10,2017,E632128,8.0
10,2017,E632128,8.0
11,2017,E630209,40.0
12,2017,E631317,7.0
12,2017,E631317,7.0
13,2017,E630362,42.0
14,2017,E631092,83.0
15,2017,E631425,35.0
16,2017,E632347,6.0
16,2017,E632347,6.0
17,2017,E634438,3.0
18,2017,E631960,2.0
18,2017,E631960,2.0
18,2017,E631960,2.0
19,2017,E634659,7.0
19,2017,E634659,7.0
20,2017,E633291,184.0
21,2017,E634199,8.0
22,2017,E635015,1.0
22,2017,E635015,1.0
22,2017,E635015,1.0
23,2017,E634599,22.0
24,2017,E634770,35.0
25,2017,E634964,8.0
25,2017,E634964,8.0
25,2017,E634964,8.0
26,2017,E635844,1.0
26,2017,E635844,1.0
26,2017,E635844,1.0
27,2017,E636880,4.0
28,2017,E636871,1.0
28,2017,E636871,1.0
29,2017,E636762,122.0
31,2017,E638169,8.0
31,2017,E638169,8.0
32,2017,E636978,35.0
33,2017,E636017,1.0
34,2017,E637343,1.0
34,2017,E637343,1.0
35,2017,E631434,305.0
36,2017,E637961,5.0
36,2017,E637961,5.0
37,2017,3753857,263.0
38,2017,E635532,25.0
38,2017,E635532,25.0
39,2017,E638933,337.0
40,2017,E633587,25.0
41,2017,E648561,3.0
41,2017,E648561,3.0
42,2017,E642159,2.0
42,2017,E642159,2.0
42,2017,E642159,2.0
43,2017,E639820,1.0
43,2017,E639820,1.0
44,2017,E643131,1.0
44,2017,E643131,1.0
45,2017,E638895,4.0
45,2017,E638895,4.0
46,2017,E639471,14.0
47,2017,E643622,5.0
47,2017,E643622,5.0
48,2017,3762437,263.0
49,2017,3762593,263.0
50,2017,E641865,25.0
51,2017,E640687,7.0
52,2017,E650617,6.0
53,2017,E641243,278.0
54,2017,E644790,7.0
55,2017,E642403,1.0
56,2017,3398254,160.0
56,2017,3398254,160.0
57,2017,E643387,3.0
57,2017,E643387,3.0
57,2017,E643387,3.0
58,2017,E645429,21.0
58,2017,E645429,21.0
59,2017,E643606,8.0
60,2017,E644403,2.0
60,2017,E644403,2.0
61,2017,E644607,7.0
62,2017,E645035,47.0
63,2017,E643918,40.0
63,2017,E643918,40.0
64,2017,E645622,42.0
64,2017,E645622,42.0
65,2017,E645754,122.0
66,2017,E644437,2.0
66,2017,E644437,2.0
67,2017,E645821,14.0
68,2017,E646985,4.0
69,2017,E649217,163.0
70,2017,E647382,25.0
71,2017,E649721,25.0
72,2017,E644231,47.0
73,2017,E649147,2.0
74,2017,E649502,1.0
75,2017,E648586,35.0
75,2017,E648586,35.0
76,2017,E647658,242.0
76,2017,E647658,242.0
76,2017,E647658,242.0
77,2017,E649722,25.0
78,2017,E650969,6.0
79,2017,E654055,6.0
79,2017,E654055,6.0
80,2017,E651585,129.0
80,2017,E651585,129.0
80,2017,E651585,129.0
80,2017,E651585,129.0
81,2017,E654251,21.0
82,2017,3574458,263.0
83,2017,E652776,222.0
84,2017,E653002,26.0
85,2017,E655807,6.0
85,2017,E655807,6.0
86,2017,E657194,2.0
86,2017,E657194,2.0
86,2017,E657194,2.0
87,2017,E656264,4.0
88,2017,E654164,22.0
88,2017,E654164,22.0
89,2017,E654450,337.0
90,2017,E657038,5.0
91,2017,E659377,8.0
91,2017,E659377,8.0
92,2017,E658130,25.0
92,2017,E658130,25.0
93,2017,E657949,1.0
94,2017,E658363,5.0
95,2017,E658391,4.0
95,2017,E658391,4.0
96,2017,3659614,344.0
97,2017,E656985,7.0
97,2017,E656985,7.0
97,2017,E656985,7.0
98,2017,E658576,282.0
99,2017,E659938,5.0
100,2017,E664562,289.0
101,2017,E661229,2.0
102,2017,E656882,339.0
102,2017,E656882,339.0
103,2017,E659803,7.0
104,2017,E650683,35.0
105,2017,E664237,2.0
106,2017,E660527,2.0
107,2017,E660629,4.0
107,2017,E660629,4.0
109,2017,E661945,8.0
110,2017,E663323,3.0
111,2017,E660637,250.0
111,2017,E660637,250.0
111,2017,E660637,250.0
112,2017,E660182,8.0
113,2017,E662427,290.0
114,2017,E663461,2.0
115,2017,E663918,53.0
115,2017,E663918,53.0
115,2017,E663918,53.0
116,2017,E664778,2.0
116,2017,E664778,2.0
117,2017,3579208,263.0
118,2017,E664738,7.0
119,2017,E664744,7.0
120,2017,E670177,21.0
121,2017,E667256,5.0
121,2017,E667256,5.0
121,2017,E667256,5.0
122,2017,E665546,29.0
123,2017,E666024,226.0
124,2017,E667720,4.0
125,2017,E664546,25.0
125,2017,E664546,25.0
126,2017,3789307,263.0
127,2017,E666917,1.0
127,2017,E666917,1.0
128,2017,E667292,5.0
128,2017,E667292,5.0
129,2017,E667400,28.0
129,2017,E667400,28.0
129,2017,E667400,28.0
130,2017,3743459,160.0
131,2017,E668849,8.0
132,2017,3759251,38.0
133,2017,3123056,180.0
133,2017,3123056,180.0
134,2017,E668067,42.0
134,2017,E668067,42.0
135,2017,E669124,4.0
135,2017,E669124,4.0
136,2017,E668467,7.0
137,2017,E671342,1.0
138,2017,E670168,4.0
138,2017,E670168,4.0
139,2017,E669280,2.0
139,2017,E669280,2.0
141,2017,E674098,35.0
141,2017,E674098,35.0
141,2017,E674098,35.0
141,2017,E674098,35.0
142,2017,E669260,35.0
143,2017,E673190,2.0
143,2017,E673190,2.0
144,2017,E672966,5.0
145,2017,E672920,3.0
145,2017,E672920,3.0
147,2017,E671087,31.0
148,2017,E676815,4.0
149,2017,E671245,42.0
150,2017,E671874,173.0
151,2017,E678121,5.0
152,2017,E678394,5.0
153,2017,E680077,8.0
153,2017,E680077,8.0
153,2017,E680077,8.0
154,2017,E674423,4.0
155,2017,E680840,7.0
155,2017,E680840,7.0
155,2017,E680840,7.0
155,2017,E680840,7.0
156,2017,E673343,6.0
157,2017,E672155,2.0
157,2017,E672155,2.0
157,2017,E672155,2.0
158,2017,E673372,40.0
159,2017,E673801,14.0
160,2017,E674040,35.0
160,2017,E674040,35.0
160,2017,E674040,35.0
161,2017,E674804,25.0
162,2017,E679491,4.0
162,2017,E679491,4.0
163,2017,E674810,42.0
163,2017,E674810,42.0
164,2017,E675079,159.0
164,2017,E675079,159.0
165,2017,E676481,14.0
166,2017,E631361,290.0
167,2017,E633166,127.0
168,2017,E641274,67.0
169,2017,E645038,315.0
170,2017,E645790,129.0
170,2017,E645790,129.0
171,2017,E656405,278.0
171,2017,E656405,278.0
172,2017,3694126,263.0
172,2017,3694126,263.0
173,2017,E659247,25.0
175,2017,E661438,160.0
175,2017,E661438,160.0
176,2017,000TECH,8.0
177,2017,3769457,263.0
178,2017,E680633,6.0
178,2017,E680633,6.0
179,2017,E683891,1.0
180,2017,E677481,2.0
180,2017,E677481,2.0
181,2017,3630656,6.0
182,2017,E680679,2.0
182,2017,E680679,2.0
183,2017,3751757,40.0
184,2017,E677398,2.0
185,2017,E677443,34.0
186,2017,E677561,35.0
187,2017,E677587,155.0
188,2017,E678568,305.0
189,2017,3766555,75.0
190,2017,E680244,13.0
191,2017,E679497,6.0
192,2017,E673996,67.0
193,2017,E677673,26.0
194,2017,E678581,1.0
194,2017,E678581,1.0
195,2017,E681956,7.0
196,2017,E680052,3.0
197,2017,E681995,5.0
198,2017,E681707,6.0
198,2017,E681707,6.0
199,2017,E683693,4.0
200,2017,E685421,4.0
200,2017,E685421,4.0
201,2017,E682134,42.0
202,2017,E684232,1.0
202,2017,E684232,1.0
202,2017,E684232,1.0
203,2017,E710630,35.0
204,2017,E685651,21.0
205,2017,E686753,4.0
205,2017,E686753,4.0
206,2017,E685188,55.0
206,2017,E685188,55.0
206,2017,E685188,55.0
206,2017,E685188,55.0
206,2017,E685188,55.0
207,2017,E684437,7.0
208,2017,E683774,39.0
209,2017,E683703,3.0
211,2017,E683961,55.0
211,2017,E683961,55.0
212,2017,E685220,5.0
213,2017,E693720,2.0
214,2017,E688516,1.0
214,2017,E688516,1.0
215,2017,E688196,7.0
216,2017,3790610,40.0
217,2017,E686046,13.0
218,2017,E687092,6.0
219,2017,E687465,127.0
220,2017,E688425,1.0
221,2017,E688194,25.0
222,2017,E690034,6.0
222,2017,E690034,6.0
223,2017,E688983,25.0
223,2017,E688983,25.0
224,2017,E689120,129.0
224,2017,E689120,129.0
224,2017,E689120,129.0
224,2017,E689120,129.0
224,2017,E689120,129.0
226,2017,E685649,21.0
227,2017,3660781,344.0
227,2017,3660781,344.0
228,2017,E686545,290.0
229,2017,E687349,8.0
230,2017,E687419,184.0
231,2017,E687652,8.0
232,2017,E687665,3.0
232,2017,E687665,3.0
233,2017,E689355,5.0
234,2017,E689913,7.0
234,2017,E689913,7.0
235,2017,E688738,2.0
236,2017,E690706,7.0
236,2017,E690706,7.0
237,2017,E689811,2.0
238,2017,E690227,6.0
238,2017,E690227,6.0
239,2017,E690047,3.0
240,2017,E690560,160.0
241,2017,E694233,1.0
242,2017,E690054,39.0
242,2017,E690054,39.0
244,2017,E691853,2.0
245,2017,E691997,1.0
246,2017,E688682,42.0
246,2017,E688682,42.0
246,2017,E688682,42.0
246,2017,E688682,42.0
247,2017,E688750,4.0
248,2017,E692509,305.0
249,2017,E689336,129.0
249,2017,E689336,129.0
250,2017,E690033,8.0
250,2017,E690033,8.0
250,2017,E690033,8.0
251,2017,E690820,1.0
251,2017,E690820,1.0
251,2017,E690820,1.0
252,2017,E692354,35.0
252,2017,E692354,35.0
253,2017,E692481,197.0
253,2017,E692481,197.0
254,2017,E693189,7.0
255,2017,E700188,1.0
255,2017,E700188,1.0
256,2017,E696354,7.0
257,2017,E701014,6.0
258,2017,E693783,5.0
258,2017,E693783,5.0
259,2017,E695733,2.0
259,2017,E695733,2.0
260,2017,E694162,45.0
261,2017,E694418,40.0
262,2017,E694798,39.0
262,2017,E694798,39.0
263,2017,E695061,248.0
264,2017,3660803,344.0
265,2017,E695441,40.0
266,2017,E697132,25.0
267,2017,E695839,35.0
267,2017,E695839,35.0
268,2017,E696573,173.0
268,2017,E696573,173.0
269,2017,E695748,35.0
270,2017,E696023,8.0
270,2017,E696023,8.0
271,2017,E696171,7.0
272,2017,E696362,5.0
273,2017,E697690,6.0
274,2017,E697493,39.0
275,2017,E697697,5.0
275,2017,E697697,5.0
275,2017,E697697,5.0
275,2017,E697697,5.0
276,2017,E697769,82.0
277,2017,E698122,19.0
277,2017,E698122,19.0
278,2017,E697816,2.0
279,2017,E693779,5.0
280,2017,E697830,14.0
280,2017,E697830,14.0
281,2017,E697117,278.0
281,2017,E697117,278.0
282,2017,E690507,55.0
283,2017,E712979,180.0
284,2017,E714882,11.0
285,2017,E718658,7.0
286,2017,E688347,200.0
286,2017,E688347,200.0
287,2017,3722441,297.0
288,2017,E688984,189.0
291,2017,E697630,6.0
291,2017,E697630,6.0
292,2017,E697700,5.0
292,2017,E697700,5.0
292,2017,E697700,5.0
292,2017,E697700,5.0
293,2017,E697740,2.0
294,2017,E698792,40.0
295,2017,E694387,55.0
295,2017,E694387,55.0
296,2017,E695985,7.0
297,2017,3764477,263.0
298,2017,E699342,4.0
298,2017,E699342,4.0
299,2017,E699986,42.0
299,2017,E699986,42.0
300,2017,3764489,263.0
300,2017,3764489,263.0
301,2017,E700076,243.0
301,2017,E700076,243.0
302,2017,E700637,155.0
303,2017,E701231,3.0
304,2017,E702879,2.0
304,2017,E702879,2.0
305,2017,E700463,2.0
305,2017,E700463,2.0
306,2017,3659694,344.0
307,2017,E700409,2.0
307,2017,E700409,2.0
307,2017,E700409,2.0
308,2017,E703191,4.0
308,2017,E703191,4.0
309,2017,E704326,1.0
309,2017,E704326,1.0
310,2017,E698484,278.0
311,2017,E703810,6.0
311,2017,E703810,6.0
312,2017,E704620,3.0
313,2017,E702924,42.0
313,2017,E702924,42.0
313,2017,E702924,42.0
314,2017,E706379,2.0
315,2017,E700452,1.0
316,2017,E703741,6.0
317,2017,E704024,180.0
318,2017,E703950,122.0
319,2017,E705153,5.0
320,2017,E706112,1.0
320,2017,E706112,1.0
320,2017,E706112,1.0
321,2017,E704187,20.0
322,2017,E704312,21.0
323,2017,E704148,160.0
323,2017,E704148,160.0
323,2017,E704148,160.0
323,2017,E704148,160.0
325,2017,E704729,6.0
325,2017,E704729,6.0
325,2017,E704729,6.0
325,2017,E704729,6.0
326,2017,E704907,1.0
327,2017,E705130,24.0
328,2017,E705434,3.0
328,2017,E705434,3.0
328,2017,E705434,3.0
328,2017,E705434,3.0
328,2017,E705434,3.0
328,2017,E705434,3.0
328,2017,E705434,3.0
329,2017,E709896,8.0
330,2017,E712811,2.0
331,2017,E706887,2.0
332,2017,3755962,263.0
333,2017,3752234,160.0
333,2017,3752234,160.0
334,2017,E711265,7.0
335,2017,E708617,3.0
336,2017,E706403,290.0
336,2017,E706403,290.0
336,2017,E706403,290.0
337,2017,E706633,1.0
337,2017,E706633,1.0
337,2017,E706633,1.0
338,2017,E707219,25.0
339,2017,E713422,3.0
340,2017,E711224,3.0
340,2017,E711224,3.0
340,2017,E711224,3.0
340,2017,E711224,3.0
340,2017,E711224,3.0
340,2017,E711224,3.0
341,2017,E707000,7.0
341,2017,E707000,7.0
342,2017,E707263,46.0
343,2017,E699408,40.0
343,2017,E699408,40.0
344,2017,E708509,3.0
344,2017,E708509,3.0
345,2017,3658418,344.0
346,2017,E710424,32.0
347,2017,E702148,278.0
348,2017,E697573,180.0
349,2017,3633271,278.0
349,2017,3633271,278.0
349,2017,3633271,278.0
350,2017,3604498,40.0
351,2017,E702002,337.0
352,2017,E707748,206.0
353,2017,E708415,4.0
354,2017,E708471,122.0
355,2017,E708997,14.0
356,2017,E709789,7.0
357,2017,E709917,248.0
358,2017,E710024,3.0
359,2017,E710133,40.0
359,2017,E710133,40.0
360,2017,E710179,169.0
361,2017,E711100,14.0
361,2017,E711100,14.0
362,2017,DC & Ob,
363,2017,E661997,42.0
363,2017,E661997,42.0
364,2017,E670920,35.0
365,2017,E715833,8.0
365,2017,E715833,8.0
366,2017,E710609,40.0
367,2017,E710735,3.0
369,2017,E712429,41.0
370,2017,E712928,22.0
371,2017,E713158,42.0
372,2017,E711580,14.0
372,2017,E711580,14.0
373,2017,E717141,5.0
374,2017,E713128,290.0
375,2017,E714175,1.0
376,2017,E708623,194.0
376,2017,E708623,194.0
377,2017,E715290,4.0
377,2017,E715290,4.0
377,2017,E715290,4.0
378,2017,E718835,6.0
378,2017,E718835,6.0
378,2017,E718835,6.0
379,2017,E716020,4.0
379,2017,E716020,4.0
380,2017,E716406,1.0
381,2017,E714634,155.0
382,2017,E715263,5.0
383,2017,E715997,278.0
383,2017,E715997,278.0
384,2017,E716082,1.0
384,2017,E716082,1.0
385,2017,E716150,4.0
385,2017,E716150,4.0
386,2017,E718363,6.0
386,2017,E718363,6.0
387,2017,E713668,2.0
388,2017,E716666,1.0
389,2017,E710103,146.0
389,2017,E710103,146.0
390,2017,E688002,44.0
391,2017,E716276,127.0
391,2017,E716276,127.0
392,2017,E716663,2.0
393,2017,E716733,305.0
394,2017,E721335,14.0
395,2017,E719219,8.0
395,2017,E719219,8.0
396,2017,E717843,35.0
397,2017,E718526,127.0
398,2017,E721337,31.0
399,2017,E721086,2.0
400,2017,E717543,2.0
400,2017,E717543,2.0
401,2017,E711056,1.0
402,2017,E718360,223.0
403,2017,3658374,344.0
404,2017,E721370,1.0
404,2017,E721370,1.0
404,2017,E721370,1.0
405,2017,E711489,146.0
406,2017,E719375,8.0
406,2017,E719375,8.0
407,2017,E716718,42.0
408,2017,E768481,2.0
408,2017,E768481,2.0
409,2017,E721588,25.0
410,2017,E718794,39.0
411,2017,E719488,25.0
412,2017,E726244,7.0
412,2017,E726244,7.0
413,2017,3658425,344.0
413,2017,3658425,344.0
414,2017,E720718,346.0
415,2017,E720099,7.0
416,2017,3659753,344.0
416,2017,3659753,344.0
417,2017,E720823,35.0
418,2017,E721634,1.0
418,2017,E721634,1.0
419,2017,E721081,26.0
419,2017,E721081,26.0
420,2017,E721288,4.0
421,2017,E721775,40.0
422,2017,E726850,14.0
423,2017,E725861,7.0
424,2017,E732654,21.0
424,2017,E732654,21.0
425,2017,E720304,173.0
426,2017,E722375,5.0
426,2017,E722375,5.0
427,2017,E728730,59.0
428,2017,E723014,1.0
428,2017,E723014,1.0
430,2017,E725274,1.0
430,2017,E725274,1.0
431,2017,E723885,232.0
432,2017,3753424,263.0
433,2017,E726894,146.0
434,2017,2915831,278.0
435,2017,E732107,2.0
435,2017,E732107,2.0
436,2017,E729964,1.0
437,2017,E728532,122.0
438,2017,E727404,4.0
438,2017,E727404,4.0
439,2017,E728122,172.0
439,2017,E728122,172.0
439,2017,E728122,172.0
440,2017,E728240,42.0
440,2017,E728240,42.0
441,2017,E720789,278.0
442,2017,E728776,35.0
442,2017,E728776,35.0
443,2017,E733974,1.0
443,2017,E733974,1.0
444,2017,E717650,46.0
445,2017,E731604,13.0
446,2017,3753162,263.0
447,2017,3658375,344.0
448,2017,3764453,263.0
449,2017,E728921,11.0
449,2017,E728921,11.0
450,2017,E734038,2.0
451,2017,E729623,330.0
452,2017,E728968,25.0
452,2017,E728968,25.0
452,2017,E728968,25.0
453,2017,E733975,1.0
454,2017,E731602,13.0
454,2017,E731602,13.0
455,2017,E732289,16.0
456,2017,E765189,7.0
456,2017,E765189,7.0
457,2017,0Tech &,1.0
457,2017,0Tech &,1.0
458,2017,E728291,28.0
459,2017,E733425,26.0
460,2017,E731150,32.0
461,2017,E720750,266.0
462,2017,3659769,344.0
462,2017,3659769,344.0
463,2017,E731718,127.0
464,2017,E745012,3.0
464,2017,E745012,3.0
465,2017,E734615,8.0
465,2017,E734615,8.0
466,2017,E759193,2.0
467,2017,E732281,7.0
467,2017,E732281,7.0
467,2017,E732281,7.0
468,2017,E734043,278.0
469,2017,E738290,2.0
469,2017,E738290,2.0
469,2017,E738290,2.0
470,2017,E732624,348.0
471,2017,E735207,3.0
472,2017,E733004,4.0
472,2017,E733004,4.0
473,2017,E733846,278.0
474,2017,E735479,297.0
475,2017,E733876,26.0
475,2017,E733876,26.0
476,2017,E737847,2.0
476,2017,E737847,2.0
476,2017,E737847,2.0
477,2017,E738307,6.0
477,2017,E738307,6.0
478,2017,E738191,22.0
479,2017,E735918,7.0
480,2017,E735956,229.0
481,2017,E736595,11.0
482,2017,E740769,2.0
483,2017,E754695,8.0
483,2017,E754695,8.0
483,2017,E754695,8.0
484,2017,E740061,5.0
484,2017,E740061,5.0
484,2017,E740061,5.0
485,2017,E742491,1.0
486,2017,E739914,53.0
486,2017,E739914,53.0
486,2017,E739914,53.0
487,2017,E740343,25.0
488,2017,E734122,7.0
489,2017,E733845,28.0
491,2017,E741248,14.0
491,2017,E741248,14.0
492,2017,E739087,55.0
492,2017,E739087,55.0
493,2017,3726113,263.0
494,2017,E738643,159.0
494,2017,E738643,159.0
495,2017,E744683,330.0
496,2017,E747588,305.0
497,2017,E770794,7.0
498,2017,E731942,305.0
499,2017,3764567,263.0
500,2017,E773500,205.0
500,2017,E773500,205.0
501,2017,3762650,263.0
502,2017,E743140,40.0
502,2017,E743140,40.0
503,2017,E743130,35.0
503,2017,E743130,35.0
504,2017,E744024,171.0
505,2017,E744245,30.0
506,2017,E752354,7.0
506,2017,E752354,7.0
506,2017,E752354,7.0
507,2017,E744598,330.0
508,2017,E744778,146.0
508,2017,E744778,146.0
509,2017,E745415,249.0
510,2017,E745954,29.0
510,2017,E745954,29.0
510,2017,E745954,29.0
511,2017,E746877,7.0
511,2017,E746877,7.0
512,2017,E746851,3.0
512,2017,E746851,3.0
513,2017,E748207,7.0
514,2017,E747067,39.0
515,2017,E753370,2.0
515,2017,E753370,2.0
515,2017,E753370,2.0
516,2017,3688140,160.0
516,2017,3688140,160.0
517,2017,E747398,39.0
517,2017,E747398,39.0
518,2017,E747528,247.0
519,2017,E748889,2.0
519,2017,E748889,2.0
519,2017,E748889,2.0
520,2017,E748935,290.0
521,2017,E749014,146.0
522,2017,E749080,262.0
523,2017,E750315,8.0
524,2017,E751656,2.0
524,2017,E751656,2.0
525,2017,3818457,7.0
526,2017,E751231,7.0
527,2017,3748033,7.0
527,2017,3748033,7.0
528,2017,E750985,4.0
528,2017,E750985,4.0
529,2017,E756162,5.0
530,2017,E753247,3.0
531,2017,E753420,5.0
532,2017,E750734,3.0
533,2017,3661026,344.0
534,2017,E751154,4.0
534,2017,E751154,4.0
535,2017,E749500,55.0
536,2017,E754240,4.0
537,2017,E752997,2.0
537,2017,E752997,2.0
538,2017,E743501,30.0
539,2017,E756767,25.0
540,2017,E754384,4.0
541,2017,E758417,3.0
542,2017,E750745,35.0
542,2017,E750745,35.0
543,2017,3756384,263.0
544,2017,00Media,
546,2017,E744509,143.0
547,2017,E748221,25.0
548,2017,E742810,337.0
549,2017,E746043,122.0
549,2017,E746043,122.0
550,2017,17-0332,8.0
1,2018,E754460,222.0
1,2018,E754460,222.0
2,2018,E758525,1.0
3,2018,E756648,3.0
3,2018,E756648,3.0
4,2018,E755037,268.0
5,2018,E755994,127.0
5,2018,E755994,127.0
5,2018,E755994,127.0
6,2018,E756221,127.0
7,2018,E756340,8.0
7,2018,E756340,8.0
8,2018,E756459,146.0
9,2018,E757875,6.0
10,2018,E757434,19.0
11,2018,E757817,4.0
11,2018,E757817,4.0
12,2018,E772796,6.0
13,2018,E757962,189.0
13,2018,E757962,189.0
14,2018,E758603,184.0
14,2018,E758603,184.0
15,2018,E761241,1.0
15,2018,E761241,1.0
15,2018,E761241,1.0
15,2018,E761241,1.0
16,2018,E760817,35.0
17,2018,E761445,150.0
17,2018,E761445,150.0
18,2018,E762010,8.0
19,2018,E762018,307.0
20,2018,E762683,290.0
21,2018,E762689,1.0
21,2018,E762689,1.0
22,2018,E762693,330.0
23,2018,E762892,4.0
24,2018,E763008,278.0
24,2018,E763008,278.0
26,2018,E764610,2.0
26,2018,E764610,2.0
27,2018,E764614,4.0
28,2018,3754152,263.0
29,2018,E764929,290.0
29,2018,E764929,290.0
29,2018,E764929,290.0
30,2018,E766045,40.0
31,2018,E766774,200.0
32,2018,E762129,122.0
34,2018,E766413,25.0
35,2018,E765941,4.0
36,2018,E766618,7.0
38,2018,E769063,4.0
38,2018,E769063,4.0
39,2018,E769093,305.0
40,2018,E769591,7.0
40,2018,E769591,7.0
41,2018,E770635,4.0
42,2018,E770752,6.0
43,2018,E770816,5.0
43,2018,E770816,5.0
43,2018,E770816,5.0
44,2018,E771305,14.0
45,2018,E776162,1.0
45,2018,E776162,1.0
47,2018,E772016,290.0
48,2018,E772745,7.0
49,2018,E773448,315.0
49,2018,E773448,315.0
50,2018,E773623,4.0
50,2018,E773623,4.0
51,2018,E773917,8.0
52,2018,E774125,40.0
52,2018,E774125,40.0
53,2018,E774328,3.0
54,2018,3766279,16.0
55,2018,3754437,263.0
56,2018,E778951,7.0
56,2018,E778951,7.0
56,2018,E778951,7.0
57,2018,E774076,39.0
58,2018,3659664,344.0
59,2018,3660706,344.0
60,2018,E776245,55.0
61,2018,E776103,6.0
62,2018,E776954,163.0
63,2018,E778332,242.0
63,2018,E778332,242.0
63,2018,E778332,242.0
64,2018,E778214,2.0
65,2018,E777812,7.0
65,2018,E777812,7.0
66,2018,E777656,42.0
67,2018,E777589,8.0
67,2018,E777589,8.0
68,2018,E777381,3.0
68,2018,E777381,3.0
69,2018,E782562,8.0
69,2018,E782562,8.0
69,2018,E782562,8.0
70,2018,E778675,39.0
70,2018,E778675,39.0
71,2018,E779577,2.0
72,2018,E778476,14.0
72,2018,E778476,14.0
73,2018,E778793,14.0
73,2018,E778793,14.0
74,2018,E778952,25.0
75,2018,E781658,3.0
76,2018,E778087,56.0
77,2018,E779858,122.0
78,2018,E781803,5.0
79,2018,E780687,42.0
79,2018,E780687,42.0
80,2018,E781486,25.0
81,2018,E780896,39.0
82,2018,E783573,1.0
83,2018,E788400,7.0
84,2018,E782747,8.0
85,2018,E781575,160.0
85,2018,E781575,160.0
86,2018,E781688,7.0
86,2018,E781688,7.0
87,2018,E782604,2.0
88,2018,E782976,25.0
88,2018,E782976,25.0
89,2018,E783025,297.0
90,2018,E782633,39.0
91,2018,E784840,2.0
92,2018,E786529,4.0
93,2018,E786504,55.0
94,2018,E784570,237.0
96,2018,E786151,35.0
96,2018,E786151,35.0
97,2018,E786202,146.0
98,2018,E786526,5.0
98,2018,E786526,5.0
98,2018,E786526,5.0
99,2018,E786918,35.0
100,2018,E787721,38.0
101,2018,E789909,4.0
101,2018,E789909,4.0
102,2018,E796927,6.0
103,2018,E794398,7.0
103,2018,E794398,7.0
103,2018,E794398,7.0
103,2018,E794398,7.0
104,2018,E789337,4.0
105,2018,E790267,8.0
106,2018,E789793,290.0
106,2018,E789793,290.0
107,2018,E790778,44.0
108,2018,E790691,42.0
108,2018,E790691,42.0
109,2018,E790608,42.0
110,2018,E790526,67.0
111,2018,E793810,6.0
112,2018,E791138,32.0
113,2018,E791515,13.0
114,2018,E791954,278.0
115,2018,E791931,205.0
115,2018,E791931,205.0
116,2018,E792217,4.0
117,2018,Coroner,
118,2018,E793894,42.0
119,2018,E789126,278.0
119,2018,E789126,278.0
119,2018,E789126,278.0
120,2018,3754330,263.0
120,2018,3754330,263.0
121,2018,E798796,25.0
121,2018,E798796,25.0
122,2018,E794265,159.0
123,2018,E795156,127.0
124,2018,E795721,25.0
124,2018,E795721,25.0
124,2018,E795721,25.0
125,2018,E795893,14.0
125,2018,E795893,14.0
126,2018,E800816,1.0
126,2018,E800816,1.0
127,2018,E796796,2.0
128,2018,E797090,42.0
129,2018,E797751,171.0
130,2018,E798156,13.0
131,2018,E798346,290.0
131,2018,E798346,290.0
132,2018,E798705,248.0
133,2018,E798888,28.0
134,2018,E800700,2.0
135,2018,E801990,2.0
135,2018,E801990,2.0
136,2018,E801415,4.0
136,2018,E801415,4.0
137,2018,E799128,19.0
137,2018,E799128,19.0
138,2018,E799642,7.0
139,2018,E799941,35.0
139,2018,E799941,35.0
140,2018,E802893,1.0
140,2018,E802893,1.0
141,2018,E800788,5.0
142,2018,E801189,305.0
143,2018,E801163,159.0
144,2018,E800965,205.0
145,2018,E805433,278.0
146,2018,E802399,4.0
146,2018,E802399,4.0
146,2018,E802399,4.0
147,2018,E801942,8.0
147,2018,E801942,8.0
147,2018,E801942,8.0
147,2018,E801942,8.0
147,2018,E801942,8.0
147,2018,E801942,8.0
148,2018,E802094,169.0
149,2018,E802197,305.0
150,2018,E802640,40.0
151,2018,E802895,1.0
151,2018,E802895,1.0
152,2018,E802773,250.0
152,2018,E802773,250.0
153,2018,E806043,199.0
153,2018,E806043,199.0
154,2018,E803360,4.0
155,2018,E803559,150.0
156,2018,E797175,173.0
157,2018,E800090,290.0
157,2018,E800090,290.0
158,2018,E806457,2.0
159,2018,E804570,59.0
160,2018,E808678,21.0
161,2018,E806233,2.0
161,2018,E806233,2.0
162,2018,E809587,5.0
162,2018,E809587,5.0
162,2018,E809587,5.0
163,2018,E806406,2.0
165,2018,E811099,3.0
165,2018,E811099,3.0
166,2018,E808794,6.0
166,2018,E808794,6.0
167,2018,E807736,6.0
167,2018,E807736,6.0
168,2018,E804481,40.0
169,2018,E804509,55.0
170,2018,E804742,238.0
170,2018,E804742,238.0
170,2018,E804742,238.0
171,2018,E805001,278.0
172,2018,E807140,35.0
172,2018,E807140,35.0
173,2018,E807878,2.0
174,2018,E807920,25.0
175,2018,E809027,5.0
176,2018,E810649,6.0
177,2018,E808702,1.0
177,2018,E808702,1.0
177,2018,E808702,1.0
178,2018,E808823,42.0
179,2018,E808868,2.0
179,2018,E808868,2.0
180,2018,E811247,5.0
181,2018,E809308,3.0
181,2018,E809308,3.0
182,2018,E809533,56.0
183,2018,E809540,25.0
184,2018,3578846,263.0
185,2018,E765451,242.0
185,2018,E765451,242.0
186,2018,3575660,263.0
187,2018,E773266,242.0
188,2018,E777184,29.0
189,2018,E781471,2.0
190,2018,E758652,189.0
190,2018,E758652,189.0
191,2018,E764286,42.0
192,2018,E809550,35.0
193,2018,E809655,2.0
194,2018,E810448,26.0
194,2018,E810448,26.0
195,2018,E811460,2.0
195,2018,E811460,2.0
196,2018,E804034,3.0
197,2018,E813636,7.0
197,2018,E813636,7.0
198,2018,E812166,7.0
198,2018,E812166,7.0
199,2018,E811062,305.0
200,2018,E811422,222.0
200,2018,E811422,222.0
201,2018,E811775,6.0
202,2018,E811927,162.0
202,2018,E811927,162.0
202,2018,E811927,162.0
203,2018,E812083,337.0
204,2018,E812622,1.0
205,2018,E813012,8.0
205,2018,E813012,8.0
206,2018,3789538,12.0
207,2018,E813614,2.0
207,2018,E813614,2.0
207,2018,E813614,2.0
207,2018,E813614,2.0
208,2018,E813810,55.0
209,2018,E807599,5.0
210,2018,E814044,290.0
210,2018,E814044,290.0
211,2018,E814992,127.0
212,2018,E815065,250.0
213,2018,E815227,7.0
214,2018,E815910,330.0
214,2018,E815910,330.0
214,2018,E815910,330.0
215,2018,E814424,34.0
216,2018,E816427,7.0
217,2018,E816997,2.0
218,2018,E817585,3.0
219,2018,E816547,55.0
220,2018,E817545,5.0
221,2018,E817122,21.0
222,2018,E816925,4.0
222,2018,E816925,4.0
223,2018,E818522,6.0
224,2018,E818652,26.0
225,2018,E818845,21.0
225,2018,E818845,21.0
226,2018,E818854,1.0
227,2018,E819244,2.0
228,2018,E819247,2.0
228,2018,E819247,2.0
229,2018,E819370,2.0
229,2018,E819370,2.0
230,2018,E817971,40.0
231,2018,E820628,6.0
231,2018,E820628,6.0
232,2018,E819635,21.0
232,2018,E819635,21.0
233,2018,E818929,25.0
234,2018,E819461,3.0
234,2018,E819461,3.0
235,2018,3756469,263.0
236,2018,E819271,2.0
236,2018,E819271,2.0
236,2018,E819271,2.0
237,2018,E819564,35.0
237,2018,E819564,35.0
237,2018,E819564,35.0
238,2018,E822709,2.0
238,2018,E822709,2.0
238,2018,E822709,2.0
238,2018,E822709,2.0
238,2018,E822709,2.0
239,2018,E817815,14.0
240,2018,E817747,5.0
241,2018,E820775,1.0
242,2018,E817299,7.0
242,2018,E817299,7.0
242,2018,E817299,7.0
242,2018,E817299,7.0
243,2018,E817508,146.0
243,2018,E817508,146.0
244,2018,E819958,5.0
245,2018,E820785,4.0
245,2018,E820785,4.0
246,2018,E818013,26.0
247,2018,E818105,55.0
247,2018,E818105,55.0
248,2018,E820253,3.0
249,2018,E820260,4.0
250,2018,E820291,1.0
251,2018,E820893,4.0
251,2018,E820893,4.0
252,2018,E821090,127.0
252,2018,E821090,127.0
253,2018,E821202,4.0
253,2018,E821202,4.0
254,2018,E821507,39.0
255,2018,E821586,122.0
256,2018,E821666,160.0
256,2018,E821666,160.0
257,2018,E821699,2.0
258,2018,E821957,26.0
258,2018,E821957,26.0
259,2018,E822207,26.0
260,2018,E823081,57.0
261,2018,E823432,2.0
261,2018,E823432,2.0
262,2018,E823631,290.0
263,2018,E823717,6.0
264,2018,E823902,4.0
264,2018,E823902,4.0
264,2018,E823902,4.0
265,2018,E824798,10.0
266,2018,E824918,26.0
267,2018,E826046,1.0
268,2018,E826099,278.0
269,2018,E826143,39.0
270,2018,E826153,1.0
271,2018,E826592,67.0
272,2018,E827448,6.0
273,2018,E827913,3.0
274,2018,E827924,7.0
274,2018,E827924,7.0
275,2018,E828062,3.0
276,2018,E828065,3.0
276,2018,E828065,3.0
277,2018,E828112,7.0
277,2018,E828112,7.0
277,2018,E828112,7.0
277,2018,E828112,7.0
278,2018,E829063,6.0
279,2018,E824099,14.0
280,2018,E824109,21.0
281,2018,E826988,2.0
282,2018,E827444,6.0
283,2018,E829010,7.0
284,2018,E829556,2.0
284,2018,E829556,2.0
284,2018,E829556,2.0
284,2018,E829556,2.0
284,2018,E829556,2.0
285,2018,E829957,248.0
285,2018,E829957,248.0
286,2018,E829993,6.0
287,2018,E830098,7.0
288,2018,E822181,290.0
289,2018,3789562,12.0
290,2018,E830051,2.0
290,2018,E830051,2.0
290,2018,E830051,2.0
290,2018,E830051,2.0
291,2018,E830321,248.0
292,2018,E830626,1.0
292,2018,E830626,1.0
292,2018,E830626,1.0
292,2018,E830626,1.0
293,2018,3751258,263.0
293,2018,3751258,263.0
293,2018,3751258,263.0
293,2018,3751258,263.0
295,2018,E834139,6.0
296,2018,E829235,248.0
297,2018,E833846,6.0
297,2018,E833846,6.0
298,2018,E833892,21.0
298,2018,E833892,21.0
299,2018,E822515,290.0
299,2018,E822515,290.0
301,2018,E834316,3.0
301,2018,E834316,3.0
301,2018,E834316,3.0
302,2018,E834659,146.0
302,2018,E834659,146.0
303,2018,E834660,146.0
303,2018,E834660,146.0
304,2018,E835071,2.0
305,2018,E835105,7.0
306,2018,E822897,250.0
307,2018,E832464,7.0
307,2018,E832464,7.0
307,2018,E832464,7.0
307,2018,E832464,7.0
308,2018,2709956,12.0
309,2018,E830739,3.0
310,2018,E835661,1.0
311,2018,E835692,6.0
312,2018,E836017,122.0
313,2018,E836350,1.0
314,2018,E833280,6.0
314,2018,E833280,6.0
315,2018,E830966,4.0
316,2018,E831476,2.0
317,2018,E832380,160.0
317,2018,E832380,160.0
318,2018,E832575,4.0
319,2018,E832509,159.0
319,2018,E832509,159.0
320,2018,E836826,25.0
320,2018,E836826,25.0
321,2018,E836878,67.0
321,2018,E836878,67.0
322,2018,E836976,346.0
323,2018,E837100,146.0
323,2018,E837100,146.0
324,2018,E837393,305.0
325,2018,E837725,39.0
325,2018,E837725,39.0
326,2018,E837794,269.0
326,2018,E837794,269.0
326,2018,E837794,269.0
326,2018,E837794,269.0
327,2018,E837994,3.0
327,2018,E837994,3.0
327,2018,E837994,3.0
327,2018,E837994,3.0
328,2018,E838120,7.0
328,2018,E838120,7.0
329,2018,E838192,1.0
330,2018,E838368,14.0
330,2018,E838368,14.0
330,2018,E838368,14.0
331,2018,E838650,146.0
331,2018,E838650,146.0
332,2018,E838740,1.0
332,2018,E838740,1.0
333,2018,E839009,3.0
334,2018,E837709,247.0
335,2018,E839419,7.0
336,2018,E839476,39.0
336,2018,E839476,39.0
337,2018,E839884,222.0
338,2018,E840255,5.0
338,2018,E840255,5.0
339,2018,E840297,2.0
339,2018,E840297,2.0
340,2018,E840434,6.0
340,2018,E840434,6.0
341,2018,E841053,60.0
343,2018,E843063,7.0
344,2018,E844411,305.0
345,2018,E844453,248.0
345,2018,E844453,248.0
346,2018,E815070,35.0
347,2018,E839737,36.0
348,2018,E840642,200.0
348,2018,E840642,200.0
349,2018,E845515,21.0
349,2018,E845515,21.0
350,2018,E845611,8.0
350,2018,E845611,8.0
351,2018,E846367,7.0
352,2018,E846785,160.0
353,2018,E846824,35.0
354,2018,E818308,7.0
355,2018,E845488,25.0
356,2018,E847435,6.0
356,2018,E847435,6.0
357,2018,E847521,14.0
358,2018,E841212,2.0
358,2018,E841212,2.0
359,2018,E839859,173.0
359,2018,E839859,173.0
361,2018,3751710,263.0
361,2018,3751710,263.0
362,2018,E848117,112.0
362,2018,E848117,112.0
363,2018,E848125,160.0
363,2018,E848125,160.0
364,2018,E848331,8.0
364,2018,E848331,8.0
365,2018,E848478,5.0
366,2018,E848776,7.0
367,2018,E849074,122.0
368,2018,E849167,2.0
368,2018,E849167,2.0
368,2018,E849167,2.0
369,2018,E849185,5.0
369,2018,E849185,5.0
370,2018,E849453,3.0
371,2018,E849902,4.0
371,2018,E849902,4.0
372,2018,E850067,5.0
374,2018,E851101,315.0
375,2018,E851269,5.0
376,2018,E851494,307.0
377,2018,E851684,3.0
378,2018,E852814,16.0
379,2018,E843470,169.0
379,2018,E843470,169.0
380,2018,E817446,25.0
380,2018,E817446,25.0
381,2018,E853014,5.0
382,2018,E853089,7.0
383,2018,E853710,2.0
383,2018,E853710,2.0
384,2018,E853812,4.0
384,2018,E853812,4.0
385,2018,E824877,35.0
386,2018,E844987,290.0
386,2018,E844987,290.0
387,2018,E854932,5.0
388,2018,3746668,263.0
388,2018,3746668,263.0
389,2018,E855214,346.0
390,2018,E855368,7.0
390,2018,E855368,7.0
391,2018,E855382,160.0
392,2018,E855512,40.0
393,2018,E855891,28.0
394,2018,E856029,7.0
395,2018,E856808,8.0
396,2018,E856916,8.0
397,2018,E857085,26.0
398,2018,E857161,42.0
399,2018,E857304,1.0
400,2018,E857393,41.0
402,2018,E857487,297.0
402,2018,E857487,297.0
403,2018,E857585,2.0
403,2018,E857585,2.0
404,2018,E857842,11.0
405,2018,E850607,8.0
405,2018,E850607,8.0
406,2018,E858776,180.0
407,2018,E859114,3.0
407,2018,E859114,3.0
408,2018,E859394,4.0
408,2018,E859394,4.0
408,2018,E859394,4.0
408,2018,E859394,4.0
408,2018,E859394,4.0
409,2018,E859476,3.0
409,2018,E859476,3.0
409,2018,E859476,3.0
409,2018,E859476,3.0
410,2018,E859813,42.0
410,2018,E859813,42.0
411,2018,E852018,7.0
412,2018,E860831,173.0
413,2018,E856061,2.0
413,2018,E856061,2.0
413,2018,E856061,2.0
413,2018,E856061,2.0
414,2018,E860914,25.0
414,2018,E860914,25.0
415,2018,E861465,14.0
416,2018,E861527,2.0
417,2018,E861644,46.0
418,2018,E861807,6.0
418,2018,E861807,6.0
419,2018,E862451,8.0
420,2018,E862525,7.0
420,2018,E862525,7.0
420,2018,E862525,7.0
421,2018,E862716,32.0
422,2018,E852372,290.0
423,2018,E852066,122.0
423,2018,E852066,122.0
425,2018,E863272,160.0
426,2018,E863974,278.0
427,2018,E864200,2.0
428,2018,E864453,5.0
429,2018,E864572,40.0
430,2018,E864686,5.0
431,2018,E864873,122.0
432,2018,E865205,7.0
433,2018,E865455,67.0
433,2018,E865455,67.0
433,2018,E865455,67.0
434,2018,E866214,305.0
435,2018,E866544,7.0
435,2018,E866544,7.0
435,2018,E866544,7.0
435,2018,E866544,7.0
436,2018,E867158,7.0
437,2018,E865592,5.0
437,2018,E865592,5.0
438,2018,E867303,5.0
438,2018,E867303,5.0
438,2018,E867303,5.0
439,2018,E867440,40.0
440,2018,E867791,7.0
441,2018,E867897,6.0
442,2018,E868257,14.0
443,2018,E868356,31.0
444,2018,E868426,6.0
444,2018,E868426,6.0
445,2018,E868435,6.0
445,2018,E868435,6.0
446,2018,E858418,2.0
446,2018,E858418,2.0
447,2018,E860990,7.0
447,2018,E860990,7.0
448,2018,E868699,25.0
448,2018,E868699,25.0
449,2018,E868733,21.0
450,2018,E868734,21.0
451,2018,E868930,222.0
452,2018,E870976,7.0
453,2018,E871028,1.0
453,2018,E871028,1.0
453,2018,E871028,1.0
454,2018,E871120,7.0
455,2018,E871292,298.0
455,2018,E871292,298.0
455,2018,E871292,298.0
456,2018,E871410,3.0
456,2018,E871410,3.0
457,2018,E871534,1.0
460,2018,E872038,7.0
460,2018,E872038,7.0
461,2018,E872248,25.0
461,2018,E872248,25.0
462,2018,E872691,35.0
463,2018,E872857,4.0
463,2018,E872857,4.0
464,2018,E872897,339.0
465,2018,E872902,339.0
466,2018,E872998,4.0
466,2018,E872998,4.0
466,2018,E872998,4.0
467,2018,E873054,221.0
468,2018,E873114,4.0
468,2018,E873114,4.0
469,2018,E874030,222.0
470,2018,E874079,42.0
471,2018,E874335,4.0
471,2018,E874335,4.0
471,2018,E874335,4.0
472,2018,E873992,7.0
473,2018,E874638,4.0
474,2018,E875914,2.0
475,2018,E876580,160.0
476,2018,E876928,9.0
477,2018,E877198,247.0
478,2018,E877471,6.0
478,2018,E877471,6.0
479,2018,E877730,16.0
480,2018,E878609,7.0
480,2018,E878609,7.0
481,2018,E879767,6.0
482,2018,E880236,7.0
482,2018,E880236,7.0
483,2018,E880661,2.0
483,2018,E880661,2.0
483,2018,E880661,2.0
485,2018,E880701,32.0
486,2018,E881029,39.0
487,2018,0MEDIA1,345.0
488,2018,E866907,8.0
489,2018,E883495,87.0
490,2018,E885282,39.0
490,2018,E885282,39.0
490,2018,E885282,39.0
491,2018,E862015,337.0
492,2018,E868097,2.0
493,2018,E866251,4.0
494,2018,E887160,222.0
495,2018,3795979,263.0
496,2018,E876253,278.0
497,2018,3767141,263.0
498,2018,E890327,31.0
500,2018,Media_D,
501,2018,E854361,32.0
502,2018,E867469,55.0
503,2018,E857686,2.0
504,2018,E898995,189.0
505,2018,E812564,173.0
505,2018,E812564,173.0
505,2018,E812564,173.0
505,2018,E812564,173.0
505,2018,E812564,173.0
506,2018,E815953,11.0
507,2018,E945130,17.0
1,2019,E880191,7.0
2,2019,E880983,146.0
2,2019,E880983,146.0
3,2019,E882539,26.0
3,2019,E882539,26.0
4,2019,E882638,3.0
5,2019,E878909,5.0
6,2019,E880474,40.0
7,2019,E881215,21.0
8,2019,E881311,55.0
9,2019,E881365,305.0
9,2019,E881365,305.0
9,2019,E881365,305.0
10,2019,E882420,40.0
11,2019,E883197,35.0
12,2019,E883511,184.0
12,2019,E883511,184.0
13,2019,E883702,28.0
14,2019,E883042,5.0
15,2019,E884294,159.0
16,2019,E884315,5.0
17,2019,E884708,6.0
17,2019,E884708,6.0
17,2019,E884708,6.0
17,2019,E884708,6.0
17,2019,E884708,6.0
18,2019,E885651,8.0
18,2019,E885651,8.0
19,2019,E885827,29.0
20,2019,E885996,5.0
20,2019,E885996,5.0
21,2019,E886569,2.0
22,2019,E886916,
22,2019,E886916,
23,2019,E884741,3.0
23,2019,E884741,3.0
23,2019,E884741,3.0
23,2019,E884741,3.0
24,2019,E886225,25.0
25,2019,E887024,40.0
26,2019,E887053,29.0
27,2019,E887107,8.0
27,2019,E887107,8.0
28,2019,E887454,4.0
29,2019,E887804,122.0
30,2019,E887858,4.0
30,2019,E887858,4.0
31,2019,E888005,35.0
31,2019,E888005,35.0
31,2019,E888005,35.0
32,2019,E888548,7.0
32,2019,E888548,7.0
33,2019,E889102,4.0
33,2019,E889102,4.0
33,2019,E889102,4.0
34,2019,E890097,290.0
35,2019,E890289,6.0
35,2019,E890289,6.0
36,2019,E890328,31.0
36,2019,E890328,31.0
37,2019,E890893,75.0
38,2019,E891885,1.0
39,2019,E891889,1.0
39,2019,E891889,1.0
39,2019,E891889,1.0
39,2019,E891889,1.0
39,2019,E891889,1.0
39,2019,E891889,1.0
39,2019,E891889,1.0
41,2019,E894113,155.0
42,2019,E894129,3.0
44,2019,E894576,3.0
45,2019,E894886,2.0
45,2019,E894886,2.0
45,2019,E894886,2.0
45,2019,E894886,2.0
46,2019,E894941,129.0
46,2019,E894941,129.0
47,2019,E895128,2.0
48,2019,E895186,1.0
48,2019,E895186,1.0
49,2019,E895374,248.0
49,2019,E895374,248.0
49,2019,E895374,248.0
50,2019,E896721,5.0
50,2019,E896721,5.0
51,2019,E897149,160.0
52,2019,E897242,29.0
53,2019,E897631,2.0
54,2019,E897680,14.0
55,2019,E897773,188.0
55,2019,E897773,188.0
56,2019,E897795,4.0
56,2019,E897795,4.0
57,2019,E898880,146.0
57,2019,E898880,146.0
58,2019,E899053,4.0
58,2019,E899053,4.0
59,2019,E899099,3.0
59,2019,E899099,3.0
60,2019,E899233,290.0
60,2019,E899233,290.0
60,2019,E899233,290.0
61,2019,E899305,35.0
62,2019,E899434,7.0
62,2019,E899434,7.0
63,2019,E899661,25.0
64,2019,E900266,2.0
65,2019,E899642,1.0
65,2019,E899642,1.0
65,2019,E899642,1.0
65,2019,E899642,1.0
65,2019,E899642,1.0
65,2019,E899642,1.0
66,2019,3748144,263.0
66,2019,3748144,263.0
67,2019,E900965,180.0
68,2019,E882470,250.0
69,2019,E901420,290.0
70,2019,E902965,122.0
70,2019,E902965,122.0
71,2019,E902989,42.0
72,2019,E903630,2.0
73,2019,E903900,3.0
73,2019,E903900,3.0
73,2019,E903900,3.0
73,2019,E903900,3.0
74,2019,E904233,2.0
75,2019,E904315,39.0
75,2019,E904315,39.0
76,2019,3581458,263.0
77,2019,E904788,46.0
78,2019,E904999,5.0
79,2019,E901603,4.0
79,2019,E901603,4.0
79,2019,E901603,4.0
80,2019,E903805,8.0
80,2019,E903805,8.0
81,2019,E905386,113.0
82,2019,E905389,298.0
83,2019,E905622,2.0
84,2019,E905625,278.0
85,2019,E885424,122.0
86,2019,E906372,36.0
87,2019,E906407,7.0
87,2019,E906407,7.0
88,2019,E906643,26.0
89,2019,E907057,1.0
90,2019,E880511,290.0
91,2019,E907243,146.0
91,2019,E907243,146.0
92,2019,E907254,6.0
93,2019,E907632,7.0
94,2019,E907862,180.0
95,2019,E907896,146.0
95,2019,E907896,146.0
96,2019,E907952,5.0
97,2019,E907496,14.0
97,2019,E907496,14.0
98,2019,E908332,14.0
99,2019,E908698,1.0
99,2019,E908698,1.0
99,2019,E908698,1.0
99,2019,E908698,1.0
100,2019,E908443,3.0
100,2019,E908443,3.0
101,2019,E886959,3.0
102,2019,E909663,5.0
103,2019,E909777,35.0
104,2019,E910021,5.0
104,2019,E910021,5.0
105,2019,E910563,146.0
105,2019,E910563,146.0
106,2019,3810331,263.0
106,2019,3810331,263.0
107,2019,E911226,42.0
107,2019,E911226,42.0
108,2019,E899539,290.0
108,2019,E899539,290.0
109,2019,E912871,6.0
109,2019,E912871,6.0
109,2019,E912871,6.0
109,2019,E912871,6.0
110,2019,E912921,6.0
111,2019,E913433,39.0
112,2019,E910672,5.0
112,2019,E910672,5.0
112,2019,E910672,5.0
112,2019,E910672,5.0
113,2019,E913639,47.0
113,2019,E913639,47.0
113,2019,E913639,47.0
114,2019,3753164,263.0
115,2019,E913863,339.0
115,2019,E913863,339.0
116,2019,E914827,8.0
117,2019,E914828,8.0
117,2019,E914828,8.0
117,2019,E914828,8.0
118,2019,E914919,1.0
119,2019,E915182,1.0
120,2019,E915297,3.0
120,2019,E915297,3.0
121,2019,E915428,2.0
121,2019,E915428,2.0
122,2019,E915551,35.0
122,2019,E915551,35.0
123,2019,E902346,1.0
124,2019,E915971,3.0
124,2019,E915971,3.0
125,2019,E916263,39.0
126,2019,E916308,35.0
127,2019,E916672,8.0
127,2019,E916672,8.0
128,2019,E916778,288.0
128,2019,E916778,288.0
129,2019,E917036,3.0
130,2019,E917267,2.0
130,2019,E917267,2.0
130,2019,E917267,2.0
130,2019,E917267,2.0
130,2019,E917267,2.0
130,2019,E917267,2.0
130,2019,E917267,2.0
131,2019,E917596,146.0
132,2019,E917791,16.0
133,2019,E917953,146.0
133,2019,E917953,146.0
134,2019,E901642,122.0
135,2019,E918789,7.0
135,2019,E918789,7.0
136,2019,E902079,6.0
136,2019,E902079,6.0
136,2019,E902079,6.0
137,2019,E918060,2.0
138,2019,E918296,3.0
138,2019,E918296,3.0
139,2019,E919553,8.0
139,2019,E919553,8.0
140,2019,E919740,6.0
140,2019,E919740,6.0
141,2019,E920493,290.0
142,2019,E886418,55.0
143,2019,3706023,263.0
144,2019,E920450,6.0
144,2019,E920450,6.0
145,2019,E921240,184.0
146,2019,E921356,5.0
147,2019,E921488,25.0
148,2019,E922494,35.0
149,2019,E922808,6.0
149,2019,E922808,6.0
150,2019,E922858,25.0
150,2019,E922858,25.0
151,2019,E923527,35.0
152,2019,E924152,122.0
153,2019,E924278,2.0
154,2019,E924363,5.0
154,2019,E924363,5.0
155,2019,E922598,7.0
155,2019,E922598,7.0
156,2019,E923395,2.0
157,2019,E925995,1.0
158,2019,E926374,40.0
158,2019,E926374,40.0
159,2019,E926447,157.0
160,2019,3690844,12.0
161,2019,3727925,40.0
162,2019,E926609,278.0
162,2019,E926609,278.0
163,2019,E926809,2.0
164,2019,E926984,1.0
164,2019,E926984,1.0
164,2019,E926984,1.0
164,2019,E926984,1.0
164,2019,E926984,1.0
164,2019,E926984,1.0
164,2019,E926984,1.0
165,2019,E927566,8.0
165,2019,E927566,8.0
166,2019,E906586,222.0
168,2019,E908752,25.0
169,2019,E927685,2.0
170,2019,E927693,7.0
170,2019,E927693,7.0
171,2019,E927748,2.0
171,2019,E927748,2.0
172,2019,E927874,8.0
172,2019,E927874,8.0
173,2019,E928636,4.0
173,2019,E928636,4.0
174,2019,E928744,30.0
174,2019,E928744,30.0
175,2019,E928933,146.0
176,2019,E929083,5.0
177,2019,E929090,5.0
177,2019,E929090,5.0
178,2019,E929213,8.0
178,2019,E929213,8.0
179,2019,E929760,35.0
179,2019,E929760,35.0
180,2019,E928835,290.0
181,2019,E929483,26.0
182,2019,E929696,7.0
182,2019,E929696,7.0
183,2019,E930005,129.0
183,2019,E930005,129.0
184,2019,E930127,3.0
184,2019,E930127,3.0
185,2019,E908378,159.0
185,2019,E908378,159.0
186,2019,E918788,7.0
187,2019,E916731,26.0
188,2019,E930330,242.0
189,2019,E905934,278.0
190,2019,E932603,6.0
190,2019,E932603,6.0
190,2019,E932603,6.0
191,2019,E933262,307.0
192,2019,E919375,173.0
193,2019,E934410,6.0
193,2019,E934410,6.0
193,2019,E934410,6.0
194,2019,E933789,6.0
194,2019,E933789,6.0
194,2019,E933789,6.0
194,2019,E933789,6.0
195,2019,E934230,146.0
196,2019,E934303,14.0
197,2019,E934621,2.0
198,2019,E934696,7.0
198,2019,E934696,7.0
199,2019,E934932,26.0
199,2019,E934932,26.0
200,2019,E935032,34.0
201,2019,E935214,6.0
202,2019,E935247,2.0
202,2019,E935247,2.0
203,2019,3811559,263.0
204,2019,E919639,65.0
204,2019,E919639,65.0
205,2019,E934239,5.0
206,2019,E935287,3.0
206,2019,E935287,3.0
206,2019,E935287,3.0
207,2019,E935340,2.0
207,2019,E935340,2.0
208,2019,E935754,16.0
209,2019,E932092,22.0
210,2019,E918172,4.0
211,2019,E936436,25.0
211,2019,E936436,25.0
212,2019,E936846,120.0
213,2019,E937123,42.0
213,2019,E937123,42.0
214,2019,E937515,35.0
215,2019,E937770,5.0
216,2019,E937824,1.0
216,2019,E937824,1.0
217,2019,E938426,160.0
217,2019,E938426,160.0
217,2019,E938426,160.0
217,2019,E938426,160.0
218,2019,E938584,8.0
219,2019,E938697,7.0
219,2019,E938697,7.0
220,2019,E938714,3.0
220,2019,E938714,3.0
223,2019,3767144,263.0
223,2019,3767144,263.0
223,2019,3767144,263.0
224,2019,E939463,2.0
224,2019,E939463,2.0
225,2019,E939714,12.0
226,2019,E939885,35.0
227,2019,E939908,1.0
227,2019,E939908,1.0
228,2019,E940194,39.0
229,2019,E940241,35.0
230,2019,E940384,35.0
230,2019,E940384,35.0
231,2019,E930471,146.0
231,2019,E930471,146.0
231,2019,E930471,146.0
234,2019,E941099,3.0
234,2019,E941099,3.0
235,2019,E941412,4.0
236,2019,E941427,4.0
236,2019,E941427,4.0
237,2019,E941558,172.0
237,2019,E941558,172.0
238,2019,E941590,8.0
238,2019,E941590,8.0
239,2019,E941869,290.0
240,2019,E942131,12.0
241,2019,E942417,5.0
242,2019,E942516,6.0
243,2019,E942668,7.0
243,2019,E942668,7.0
244,2019,E944270,146.0
244,2019,E944270,146.0
245,2019,E943969,2.0
246,2019,E944110,288.0
247,2019,E944151,2.0
248,2019,E944172,189.0
249,2019,E944303,1.0
249,2019,E944303,1.0
250,2019,E944660,40.0
251,2019,E944760,32.0
252,2019,E945239,250.0
253,2019,E945442,269.0
254,2019,E945444,262.0
254,2019,E945444,262.0
255,2019,E945534,247.0
256,2019,E945425,146.0
257,2019,E945674,42.0
258,2019,E945795,305.0
258,2019,E945795,305.0
258,2019,E945795,305.0
259,2019,E945822,242.0
260,2019,E945943,5.0
261,2019,E946041,8.0
262,2019,3692982,263.0
263,2019,E933707,39.0
263,2019,E933707,39.0
264,2019,E945003,2.0
264,2019,E945003,2.0
265,2019,E947668,4.0
265,2019,E947668,4.0
266,2019,E946448,248.0
266,2019,E946448,248.0
267,2019,E946872,3.0
267,2019,E946872,3.0
267,2019,E946872,3.0
268,2019,E946931,1.0
268,2019,E946931,1.0
269,2019,E946977,305.0
269,2019,E946977,305.0
269,2019,E946977,305.0
269,2019,E946977,305.0
269,2019,E946977,305.0
270,2019,E947144,2.0
271,2019,E947666,8.0
271,2019,E947666,8.0
272,2019,E948081,297.0
272,2019,E948081,297.0
273,2019,E948106,4.0
273,2019,E948106,4.0
273,2019,E948106,4.0
274,2019,E948235,21.0
274,2019,E948235,21.0
275,2019,E948471,305.0
276,2019,3752584,263.0
277,2019,E944819,3.0
278,2019,E948517,2.0
278,2019,E948517,2.0
279,2019,E926146,163.0
280,2019,E948778,349.0
281,2019,E949359,8.0
282,2019,E949442,297.0
282,2019,E949442,297.0
283,2019,E949475,2.0
284,2019,E949621,55.0
285,2019,E943557,7.0
285,2019,E943557,7.0
285,2019,E943557,7.0
286,2019,E949994,14.0
287,2019,E951171,26.0
287,2019,E951171,26.0
288,2019,E951465,4.0
289,2019,E951750,39.0
289,2019,E951750,39.0
290,2019,E951809,28.0
291,2019,E951931,5.0
291,2019,E951931,5.0
292,2019,E952454,59.0
293,2019,E924722,3.0
295,2019,E952976,290.0
295,2019,E952976,290.0
296,2019,E953429,127.0
296,2019,E953429,127.0
297,2019,E953822,160.0
298,2019,E954177,3.0
298,2019,E954177,3.0
299,2019,E954301,40.0
300,2019,E938326,57.0
300,2019,E938326,57.0
300,2019,E938326,57.0
300,2019,E938326,57.0
301,2019,E954769,44.0
302,2019,E955423,35.0
302,2019,E955423,35.0
303,2019,E955436,4.0
304,2019,E955916,120.0
305,2019,E956253,39.0
306,2019,E957141,305.0
306,2019,E957141,305.0
307,2019,E957223,2.0
307,2019,E957223,2.0
308,2019,E957257,300.0
308,2019,E957257,300.0
308,2019,E957257,300.0
308,2019,E957257,300.0
309,2019,E953543,7.0
309,2019,E953543,7.0
310,2019,E957982,6.0
310,2019,E957982,6.0
311,2019,E957923,5.0
312,2019,E958461,2.0
312,2019,E958461,2.0
313,2019,E959103,2.0
313,2019,E959103,2.0
314,2019,3795706,263.0
315,2019,E922378,1.0
316,2019,E944034,75.0
317,2019,E951909,2.0
317,2019,E951909,2.0
318,2019,E953447,112.0
319,2019,E957569,3.0
319,2019,E957569,3.0
320,2019,E957866,2.0
320,2019,E957866,2.0
321,2019,E957985,4.0
321,2019,E957985,4.0
322,2019,E957138,146.0
322,2019,E957138,146.0
323,2019,E958440,42.0
324,2019,E959445,7.0
325,2019,E959510,6.0
326,2019,E960295,4.0
327,2019,E960431,35.0
327,2019,E960431,35.0
327,2019,E960431,35.0
327,2019,E960431,35.0
328,2019,E960514,2.0
328,2019,E960514,2.0
329,2019,E924399,2.0
330,2019,E961241,127.0
331,2019,E961539,4.0
332,2019,E961693,3.0
333,2019,E961830,2.0
333,2019,E961830,2.0
334,2019,E961901,127.0
335,2019,E962250,5.0
335,2019,E962250,5.0
336,2019,E959764,29.0
337,2019,E962462,18.0
338,2019,E963016,73.0
338,2019,E963016,73.0
339,2019,E963336,8.0
339,2019,E963336,8.0
340,2019,E963892,4.0
341,2019,E964395,25.0
341,2019,E964395,25.0
342,2019,E964781,59.0
343,2019,E965054,14.0
343,2019,E965054,14.0
345,2019,E965465,8.0
346,2019,E965498,14.0
347,2019,E966298,278.0
348,2019,E967144,8.0
348,2019,E967144,8.0
349,2019,E967503,129.0
349,2019,E967503,129.0
350,2019,E967832,6.0
350,2019,E967832,6.0
350,2019,E967832,6.0
350,2019,E967832,6.0
351,2019,E967901,6.0
351,2019,E967901,6.0
352,2019,E968056,160.0
352,2019,E968056,160.0
353,2019,E968196,1.0
354,2019,E968352,1.0
355,2019,E968513,2.0
355,2019,E968513,2.0
356,2019,E969027,25.0
357,2019,3796019,263.0
357,2019,3796019,263.0
358,2019,E969643,3.0
359,2019,E970645,25.0
360,2019,E970646,25.0
361,2019,E970674,14.0
362,2019,E970943,33.0
363,2019,E970986,278.0
363,2019,E970986,278.0
364,2019,E971402,305.0
365,2019,E971389,122.0
366,2019,E971669,25.0
366,2019,E971669,25.0
367,2019,E959018,330.0
367,2019,E959018,330.0
368,2019,3709713,339.0
369,2019,E972093,7.0
369,2019,E972093,7.0
369,2019,E972093,7.0
370,2019,E972260,1.0
370,2019,E972260,1.0
371,2019,E972516,122.0
372,2019,E972885,278.0
373,2019,E973005,26.0
373,2019,E973005,26.0
373,2019,E973005,26.0
374,2019,E974167,290.0
374,2019,E974167,290.0
375,2019,E974237,5.0
376,2019,E974324,346.0
377,2019,E974380,4.0
378,2019,E975728,1.0
379,2019,E975944,2.0
379,2019,E975944,2.0
379,2019,E975944,2.0
380,2019,E975663,6.0
380,2019,E975663,6.0
381,2019,E975794,146.0
382,2019,E976023,7.0
382,2019,E976023,7.0
382,2019,E976023,7.0
382,2019,E976023,7.0
383,2019,E976486,35.0
384,2019,E976496,25.0
384,2019,E976496,25.0
385,2019,E976629,7.0
385,2019,E976629,7.0
386,2019,E976671,188.0
386,2019,E976671,188.0
387,2019,3705992,263.0
388,2019,E977568,42.0
389,2019,E977758,1.0
390,2019,E978024,11.0
390,2019,E978024,11.0
391,2019,E978427,5.0
392,2019,EA21730,5.0
393,2019,E978797,82.0
394,2019,E978866,8.0
395,2019,E979909,8.0
396,2019,E963305,8.0
396,2019,E963305,8.0
397,2019,E968496,5.0
398,2019,E979944,4.0
398,2019,E979944,4.0
399,2019,E980328,16.0
400,2019,E980645,278.0
401,2019,E980699,26.0
401,2019,E980699,26.0
402,2019,E981386,6.0
402,2019,E981386,6.0
402,2019,E981386,6.0
403,2019,E981543,35.0
404,2019,E981624,6.0
405,2019,E982012,25.0
406,2019,E979357,286.0
407,2019,E982343,3.0
408,2019,E982413,106.0
409,2019,E982840,1.0
410,2019,E983590,189.0
411,2019,E983667,2.0
412,2019,E983677,2.0
413,2019,E981655,222.0
414,2019,E984511,2.0
414,2019,E984511,2.0
415,2019,E985772,8.0
416,2019,E985936,44.0
417,2019,E985970,35.0
417,2019,E985970,35.0
419,2019,E987024,59.0
420,2019,E987256,2.0
421,2019,E987417,106.0
421,2019,E987417,106.0
422,2019,E987639,8.0
423,2019,E987726,55.0
423,2019,E987726,55.0
424,2019,E987951,2.0
424,2019,E987951,2.0
426,2019,E988647,7.0
427,2019,E989084,1.0
428,2019,3384575,160.0
429,2019,E990421,8.0
430,2019,E990638,3.0
430,2019,E990638,3.0
431,2019,E991064,35.0
431,2019,E991064,35.0
432,2019,E991120,6.0
432,2019,E991120,6.0
433,2019,E991404,2.0
434,2019,E991650,59.0
435,2019,E991663,6.0
436,2019,E991848,25.0
436,2019,E991848,25.0
437,2019,E988133,2.0
437,2019,E988133,2.0
437,2019,E988133,2.0
438,2019,E992424,122.0
439,2019,E993268,1.0
440,2019,E993770,2.0
440,2019,E993770,2.0
441,2019,E994060,47.0
442,2019,E994233,6.0
443,2019,E994471,2.0
444,2019,E997028,173.0
445,2019,E994918,160.0
446,2019,E994935,269.0
446,2019,E994935,269.0
446,2019,E994935,269.0
447,2019,E995304,7.0
449,2019,E996124,8.0
450,2019,E996708,1.0
451,2019,E996994,6.0
452,2019,E997096,29.0
453,2019,E997746,39.0
454,2019,E997561,28.0
454,2019,E997561,28.0
455,2019,E997925,7.0
455,2019,E997925,7.0
456,2019,E998093,2.0
457,2019,E998114,2.0
458,2019,E998216,4.0
459,2019,E998475,35.0
459,2019,E998475,35.0
460,2019,E998531,1.0
460,2019,E998531,1.0
460,2019,E998531,1.0
461,2019,E998611,74.0
462,2019,E998686,6.0
463,2019,E999084,4.0
464,2019,E998894,2.0
465,2019,E995586,262.0
466,2019,E999528,297.0
467,2019,E999626,33.0
467,2019,E999626,33.0
468,2019,E999821,4.0
468,2019,E999821,4.0
469,2019,E999878,1.0
470,2019,EA00402,55.0
471,2019,EA00816,32.0
472,2019,E992886,297.0
472,2019,E992886,297.0
473,2019,EA01593,2.0
473,2019,EA01593,2.0
474,2019,EA01917,339.0
475,2019,E982845,1.0
476,2019,E985989,25.0
477,2019,E986976,339.0
478,2019,3754063,263.0
479,2019,3824332,263.0
480,2019,3736820,263.0
482,2019,E994300,21.0
482,2019,E994300,21.0
483,2019,E994426,1.0
484,2019,E995595,7.0
484,2019,E995595,7.0
484,2019,E995595,7.0
485,2019,E995911,248.0
486,2019,E996301,3.0
487,2019,3658285,344.0
488,2019,E927755,39.0
488,2019,E927755,39.0
489,2019,3806728,263.0
490,2019,E997525,242.0
490,2019,E997525,242.0
491,2019,E984535,39.0
492,2019,EA06086,21.0
492,2019,EA06086,21.0
493,2019,E993811,27.0
494,2019,EA00856,73.0
494,2019,EA00856,73.0
495,2019,E995033,160.0
495,2019,E995033,160.0
496,2019,EA14388,5.0
497,2019,E959529,1.0
498,2019,3762692,263.0
499,2019,E902536,2.0
499,2019,E902536,2.0
499,2019,E902536,2.0
500,2019,E941519,7.0
502,2019,E983710,2.0
505,2019,3751331,263.0
506,2019,E942491,3.0
506,2019,E942491,3.0
507,2019,E960349,35.0
508,2019,EA85528,13.0
509,2019,E944659,31.0
510,2019,E937972,278.0
510,2019,E937972,278.0
511,2019,E879054,266.0
512,2019,E889208,160.0
512,2019,E889208,160.0
513,2019,E889136,290.0
514,2019,E900630,189.0
515,2019,E902970,290.0
515,2019,E902970,290.0
516,2019,3752636,263.0
516,2019,3752636,263.0
517,2019,E927292,278.0
518,2019,E920826,25.0
519,2019,E935293,171.0
520,2019,3805935,263.0
520,2019,3805935,263.0
521,2019,E964563,22.0
523,2019,E986677,180.0
524,2019,3810169,7.0
525,2019,E947747,339.0
526,2019,E965708,263.0
527,2019,E977114,42.0
527,2019,E977114,42.0
528,2019,E995792,238.0
529,2019,E989720,160.0
1,2020,EA00731,278.0
3,2020,EA01295,3.0
4,2020,EA01383,2.0
4,2020,EA01383,2.0
5,2020,EA02006,7.0
5,2020,EA02006,7.0
6,2020,EA02860,1.0
6,2020,EA02860,1.0
7,2020,EA03070,349.0
8,2020,EA03444,2.0
8,2020,EA03444,2.0
9,2020,EA03721,8.0
10,2020,EA04228,2.0
11,2020,EA04367,7.0
12,2020,EA04868,146.0
13,2020,EA04977,205.0
13,2020,EA04977,205.0
14,2020,EA05178,2.0
15,2020,EA05796,222.0
16,2020,EA06709,3.0
16,2020,EA06709,3.0
17,2020,EA06826,8.0
17,2020,EA06826,8.0
18,2020,EA07317,7.0
18,2020,EA07317,7.0
19,2020,EA08187,184.0
20,2020,EA08254,305.0
21,2020,EA08257,47.0
22,2020,EA08634,7.0
24,2020,EA09361,1.0
25,2020,EA10311,184.0
26,2020,EA11449,3.0
26,2020,EA11449,3.0
27,2020,EA12581,6.0
28,2020,EA13867,14.0
28,2020,EA13867,14.0
29,2020,EA13868,14.0
29,2020,EA13868,14.0
30,2020,EA16128,330.0
31,2020,EA17742,35.0
31,2020,EA17742,35.0
33,2020,EA19534,159.0
34,2020,EA10140,42.0
35,2020,EA10855,14.0
37,2020,EA11625,48.0
38,2020,EA12058,4.0
38,2020,EA12058,4.0
39,2020,EA12519,5.0
40,2020,EA13297,127.0
41,2020,EA13834,7.0
42,2020,EA13869,14.0
43,2020,EA13932,122.0
43,2020,EA13932,122.0
44,2020,EA14683,55.0
44,2020,EA14683,55.0
44,2020,EA14683,55.0
45,2020,EA15060,3.0
45,2020,EA15060,3.0
45,2020,EA15060,3.0
46,2020,EA15163,27.0
46,2020,EA15163,27.0
47,2020,EA16786,160.0
47,2020,EA16786,160.0
48,2020,EA17799,8.0
48,2020,EA17799,8.0
48,2020,EA17799,8.0
49,2020,EA18287,40.0
50,2020,EA18986,14.0
50,2020,EA18986,14.0
51,2020,3847626,263.0
52,2020,EA20417,278.0
53,2020,EA20934,35.0
54,2020,EA21778,5.0
55,2020,EA22120,8.0
55,2020,EA22120,8.0
56,2020,EA22189,284.0
58,2020,EA22810,14.0
59,2020,EA22930,25.0
60,2020,EA23013,305.0
60,2020,EA23013,305.0
61,2020,EA23371,305.0
62,2020,EA23540,278.0
63,2020,EA23541,3.0
64,2020,EA23857,1.0
65,2020,EA24118,1.0
66,2020,EA24161,305.0
67,2020,EA24052,5.0
67,2020,EA24052,5.0
67,2020,EA24052,5.0
68,2020,EA24602,1.0
69,2020,EA24930,5.0
69,2020,EA24930,5.0
70,2020,EA25184,206.0
71,2020,EA25233,3.0
74,2020,3856804,263.0
74,2020,3856804,263.0
75,2020,EA09339,122.0
76,2020,EA10410,305.0
76,2020,EA10410,305.0
77,2020,EA25457,14.0
77,2020,EA25457,14.0
78,2020,EA25787,31.0
79,2020,EA25971,305.0
80,2020,EA26001,1.0
80,2020,EA26001,1.0
82,2020,EA26421,3.0
83,2020,EA27720,4.0
83,2020,EA27720,4.0
85,2020,EA27983,4.0
86,2020,EA28579,3.0
86,2020,EA28579,3.0
87,2020,EA28702,59.0
88,2020,EA28746,330.0
89,2020,EA28768,39.0
91,2020,EA29075,21.0
92,2020,EA29099,14.0
93,2020,EA29100,14.0
93,2020,EA29100,14.0
94,2020,EA29436,1.0
95,2020,EA27726,122.0
96,2020,EA29239,39.0
97,2020,EA29469,7.0
98,2020,EA29518,19.0
98,2020,EA29518,19.0
99,2020,EA29532,2.0
99,2020,EA29532,2.0
100,2020,EA29598,2.0
101,2020,EA29604,27.0
102,2020,EA29761,31.0
103,2020,EA30158,305.0
104,2020,EA29524,3.0
104,2020,EA29524,3.0
105,2020,EA30082,330.0
107,2020,EA30273,248.0
107,2020,EA30273,248.0
108,2020,EA30422,7.0
109,2020,EA31214,24.0
110,2020,EA31318,18.0
110,2020,EA31318,18.0
111,2020,3836302,263.0
112,2020,EA31330,12.0
113,2020,EA31480,2.0
113,2020,EA31480,2.0
114,2020,EA31552,290.0
115,2020,EA31740,3.0
116,2020,EA31779,305.0
117,2020,EA31844,339.0
117,2020,EA31844,339.0
118,2020,EA31937,35.0
120,2020,EA32098,35.0
121,2020,3837845,263.0
123,2020,EA32328,278.0
124,2020,EA32339,2.0
125,2020,EA32382,40.0
126,2020,EA32402,42.0
127,2020,EA32570,25.0
127,2020,EA32570,25.0
128,2020,EA32583,297.0
129,2020,EA32709,7.0
129,2020,EA32709,7.0
130,2020,EA33044,3.0
131,2020,EA33074,39.0
131,2020,EA33074,39.0
132,2020,EA33333,8.0
132,2020,EA33333,8.0
133,2020,EA33505,290.0
133,2020,EA33505,290.0
133,2020,EA33505,290.0
133,2020,EA33505,290.0
134,2020,EA33537,297.0
134,2020,EA33537,297.0
135,2020,EA33684,3.0
136,2020,EA33940,12.0
136,2020,EA33940,12.0
137,2020,EA34049,8.0
137,2020,EA34049,8.0
138,2020,EA34127,3.0
140,2020,EA34295,169.0
141,2020,EA34305,26.0
142,2020,EA34308,1.0
143,2020,EA34338,7.0
144,2020,EA34402,241.0
144,2020,EA34402,241.0
145,2020,EA34578,2.0
145,2020,EA34578,2.0
146,2020,EA34671,6.0
146,2020,EA34671,6.0
147,2020,EA34888,1.0
148,2020,EA34904,5.0
148,2020,EA34904,5.0
149,2020,EA35085,11.0
151,2020,EA25062,25.0
152,2020,EA33740,269.0
152,2020,EA33740,269.0
152,2020,EA33740,269.0
153,2020,EA35894,8.0
155,2020,EA36385,290.0
155,2020,EA36385,290.0
156,2020,EA36401,38.0
158,2020,EA35921,22.0
160,2020,EA37663,25.0
161,2020,EA37664,25.0
161,2020,EA37664,25.0
162,2020,EA37695,339.0
162,2020,EA37695,339.0
163,2020,EA37914,160.0
164,2020,EA38156,6.0
164,2020,EA38156,6.0
165,2020,EA38486,339.0
165,2020,EA38486,339.0
166,2020,EA38627,16.0
167,2020,EA38743,25.0
167,2020,EA38743,25.0
168,2020,EA39075,35.0
169,2020,EA39076,35.0
169,2020,EA39076,35.0
170,2020,EA39131,2.0
171,2020,EA39593,3.0
172,2020,EA39731,1.0
172,2020,EA39731,1.0
173,2020,EA39778,6.0
173,2020,EA39778,6.0
173,2020,EA39778,6.0
175,2020,EA39893,40.0
175,2020,EA39893,40.0
176,2020,EA39894,40.0
177,2020,EA40321,31.0
178,2020,EA40438,41.0
180,2020,EA40788,173.0
181,2020,EA40857,14.0
182,2020,EA41179,2.0
183,2020,EA41186,44.0
184,2020,EA41234,4.0
185,2020,EA41583,4.0
185,2020,EA41583,4.0
186,2020,EA41787,40.0
187,2020,EA41882,2.0
187,2020,EA41882,2.0
188,2020,EA42064,2.0
189,2020,EA42062,160.0
190,2020,EA42263,8.0
191,2020,3841215,278.0
191,2020,3841215,278.0
191,2020,3841215,278.0
192,2020,EA16344,146.0
192,2020,EA16344,146.0
193,2020,EA16566,297.0
194,2020,EA42685,2.0
195,2020,EA42741,278.0
195,2020,EA42741,278.0
195,2020,EA42741,278.0
195,2020,EA42741,278.0
195,2020,EA42741,278.0
196,2020,EA42846,4.0
196,2020,EA42846,4.0
197,2020,EA42879,21.0
198,2020,EA43040,6.0
198,2020,EA43040,6.0
200,2020,EA43049,31.0
201,2020,EA43136,8.0
202,2020,EA43590,35.0
203,2020,EA43667,242.0
204,2020,EA43739,35.0
205,2020,EA43774,180.0
205,2020,EA43774,180.0
206,2020,EA43966,1.0
207,2020,EA43973,146.0
207,2020,EA43973,146.0
208,2020,3868801,41.0
209,2020,EA44132,262.0
210,2020,EA43322,4.0
211,2020,EA44281,146.0
211,2020,EA44281,146.0
211,2020,EA44281,146.0
212,2020,EA44532,8.0
213,2020,EA44550,4.0
213,2020,EA44550,4.0
214,2020,EA44784,2.0
214,2020,EA44784,2.0
215,2020,EA44921,4.0
216,2020,EA44928,4.0
217,2020,EA44959,26.0
217,2020,EA44959,26.0
217,2020,EA44959,26.0
218,2020,EA45303,290.0
218,2020,EA45303,290.0
219,2020,EA45328,6.0
220,2020,EA45455,40.0
221,2020,EA45713,339.0
222,2020,EA45808,2.0
222,2020,EA45808,2.0
223,2020,EA45931,38.0
224,2020,EA46032,146.0
225,2020,EA46391,1.0
226,2020,EA46993,4.0
227,2020,EA47157,55.0
227,2020,EA47157,55.0
228,2020,EA47362,26.0
229,2020,EA47886,6.0
230,2020,EA47878,35.0
231,2020,EA48114,278.0
232,2020,EA48230,146.0
232,2020,EA48230,146.0
233,2020,EA48375,4.0
233,2020,EA48375,4.0
234,2020,EA18725,26.0
234,2020,EA18725,26.0
235,2020,EA18657,7.0
235,2020,EA18657,7.0
236,2020,EA48550,38.0
237,2020,EA48702,6.0
237,2020,EA48702,6.0
238,2020,EA48844,160.0
239,2020,EA48857,6.0
239,2020,EA48857,6.0
240,2020,EA48948,35.0
241,2020,EA49130,1.0
241,2020,EA49130,1.0
242,2020,EA46957,3.0
243,2020,EA49431,160.0
244,2020,EA49476,4.0
245,2020,EA49734,13.0
245,2020,EA49734,13.0
246,2020,EA49865,82.0
247,2020,EA50101,2.0
247,2020,EA50101,2.0
248,2020,EA50209,29.0
248,2020,EA50209,29.0
249,2020,EA50368,158.0
249,2020,EA50368,158.0
250,2020,EA50954,297.0
250,2020,EA50954,297.0
251,2020,EA51119,278.0
251,2020,EA51119,278.0
252,2020,EA22336,59.0
253,2020,EA51244,262.0
254,2020,3842285,12.0
255,2020,3852084,263.0
256,2020,EA51246,326.0
257,2020,EA51298,24.0
258,2020,EA51338,2.0
259,2020,EA51565,7.0
260,2020,EA51571,7.0
260,2020,EA51571,7.0
260,2020,EA51571,7.0
261,2020,EA52048,5.0
262,2020,EA52063,40.0
263,2020,EA52230,25.0
264,2020,EA52661,29.0
265,2020,EA52775,2.0
266,2020,EA52929,2.0
266,2020,EA52929,2.0
267,2020,EA53000,2.0
267,2020,EA53000,2.0
268,2020,EA53023,25.0
268,2020,EA53023,25.0
268,2020,EA53023,25.0
269,2020,EA53654,2.0
269,2020,EA53654,2.0
270,2020,EA53712,5.0
270,2020,EA53712,5.0
271,2020,EA53808,27.0
272,2020,EA53967,17.0
274,2020,EA54112,8.0
275,2020,EA54212,35.0
276,2020,EA54393,8.0
276,2020,EA54393,8.0
277,2020,EA54709,7.0
278,2020,EA55174,75.0
278,2020,EA55174,75.0
279,2020,EA55352,305.0
280,2020,EA55626,278.0
281,2020,EA55669,146.0
281,2020,EA55669,146.0
282,2020,EA55984,8.0
282,2020,EA55984,8.0
283,2020,EA56221,6.0
284,2020,EA56269,21.0
284,2020,EA56269,21.0
284,2020,EA56269,21.0
285,2020,EA56288,5.0
285,2020,EA56288,5.0
286,2020,EA56516,6.0
286,2020,EA56516,6.0
287,2020,EA56550,40.0
287,2020,EA56550,40.0
288,2020,EA56611,5.0
288,2020,EA56611,5.0
288,2020,EA56611,5.0
289,2020,EA56853,278.0
289,2020,EA56853,278.0
290,2020,EA56931,14.0
290,2020,EA56931,14.0
291,2020,EA56983,3.0
292,2020,EA57119,290.0
293,2020,EA57711,229.0
295,2020,3834601,263.0
296,2020,EA56405,248.0
297,2020,EA56523,6.0
297,2020,EA56523,6.0
298,2020,EA57921,1.0
299,2020,EA58109,40.0
299,2020,EA58109,40.0
300,2020,EA58152,3.0
300,2020,EA58152,3.0
301,2020,EA58658,146.0
301,2020,EA58658,146.0
302,2020,EA58732,55.0
303,2020,EA58808,39.0
304,2020,EA58989,146.0
304,2020,EA58989,146.0
305,2020,EA59057,223.0
305,2020,EA59057,223.0
306,2020,EA59118,3.0
307,2020,EA59208,1.0
308,2020,EA59397,25.0
308,2020,EA59397,25.0
309,2020,EA59461,3.0
309,2020,EA59461,3.0
310,2020,EA59760,2.0
310,2020,EA59760,2.0
312,2020,EA59884,6.0
312,2020,EA59884,6.0
313,2020,EA59908,4.0
313,2020,EA59908,4.0
314,2020,EA59310,278.0
315,2020,EA59617,3.0
316,2020,EA60052,25.0
316,2020,EA60052,25.0
317,2020,EA60275,3.0
317,2020,EA60275,3.0
317,2020,EA60275,3.0
319,2020,EA44131,25.0
319,2020,EA44131,25.0
320,2020,EA51645,25.0
320,2020,EA51645,25.0
321,2020,EA58729,5.0
321,2020,EA58729,5.0
322,2020,EA59843,146.0
324,2020,EA60363,189.0
325,2020,EA60411,3.0
325,2020,EA60411,3.0
326,2020,EA60712,5.0
327,2020,EA60735,269.0
328,2020,EA60792,14.0
329,2020,EA60960,13.0
330,2020,EA61136,129.0
331,2020,EA61291,1.0
332,2020,EA60457,38.0
333,2020,EA61306,6.0
333,2020,EA61306,6.0
333,2020,EA61306,6.0
334,2020,EA61388,14.0
334,2020,EA61388,14.0
335,2020,EA61437,32.0
336,2020,EA61472,3.0
336,2020,EA61472,3.0
337,2020,EA61519,173.0
338,2020,EA61650,1.0
338,2020,EA61650,1.0
338,2020,EA61650,1.0
339,2020,EA61769,4.0
339,2020,EA61769,4.0
340,2020,EA62082,305.0
341,2020,EA62201,40.0
342,2020,EA62414,57.0
343,2020,EA62435,2.0
344,2020,EA62513,6.0
345,2020,EA62527,21.0
345,2020,EA62527,21.0
346,2020,EA62623,66.0
346,2020,EA62623,66.0
348,2020,EA63672,6.0
348,2020,EA63672,6.0
349,2020,EA63709,40.0
350,2020,EA63827,3.0
350,2020,EA63827,3.0
350,2020,EA63827,3.0
350,2020,EA63827,3.0
351,2020,EA63845,303.0
352,2020,EA63250,31.0
352,2020,EA63250,31.0
353,2020,EA63308,6.0
353,2020,EA63308,6.0
354,2020,EA63484,40.0
355,2020,EA64491,163.0
355,2020,EA64491,163.0
355,2020,EA64491,163.0
356,2020,EA53622,6.0
356,2020,EA53622,6.0
357,2020,EA63817,59.0
358,2020,EA64517,3.0
358,2020,EA64517,3.0
358,2020,EA64517,3.0
358,2020,EA64517,3.0
359,2020,EA64569,1.0
359,2020,EA64569,1.0
360,2020,EA64583,290.0
362,2020,EA64910,11.0
362,2020,EA64910,11.0
363,2020,EA64952,4.0
364,2020,EA63509,184.0
364,2020,EA63509,184.0
365,2020,EA65166,3.0
365,2020,EA65166,3.0
366,2020,EA64658,35.0
367,2020,EA65523,5.0
368,2020,EA65688,31.0
369,2020,EA65735,2.0
369,2020,EA65735,2.0
370,2020,EA65822,1.0
370,2020,EA65822,1.0
370,2020,EA65822,1.0
371,2020,EA67030,122.0
371,2020,EA67030,122.0
372,2020,EA67064,35.0
373,2020,3876377,263.0
373,2020,3876377,263.0
374,2020,EA67404,127.0
375,2020,EA67848,39.0
376,2020,3834802,263.0
376,2020,3834802,263.0
376,2020,3834802,263.0
377,2020,EA68157,2.0
377,2020,EA68157,2.0
378,2020,EA68257,146.0
379,2020,EA68391,4.0
379,2020,EA68391,4.0
380,2020,3834597,263.0
381,2020,EA68503,278.0
382,2020,EA68589,2.0
382,2020,EA68589,2.0
383,2020,EA68726,2.0
384,2020,EA69391,55.0
386,2020,EA69768,55.0
387,2020,EA69798,160.0
387,2020,EA69798,160.0
387,2020,EA69798,160.0
389,2020,EA45352,7.0
390,2020,EA40851,14.0
391,2020,3876403,263.0
391,2020,3876403,263.0
392,2020,EA70054,8.0
393,2020,EA70514,7.0
395,2020,EA70924,1.0
398,2020,EA64388,26.0
398,2020,EA64388,26.0
399,2020,EA71625,55.0
400,2020,EA71709,5.0
401,2020,EA71761,278.0
401,2020,EA71761,278.0
402,2020,EA71846,242.0
403,2020,EA72111,122.0
404,2020,3854580,263.0
404,2020,3854580,263.0
405,2020,3836479,263.0
406,2020,EA71988,262.0
407,2020,EA72523,6.0
407,2020,EA72523,6.0
409,2020,EA72701,29.0
409,2020,EA72701,29.0
410,2020,EA72959,6.0
410,2020,EA72959,6.0
410,2020,EA72959,6.0
411,2020,EA73033,2.0
411,2020,EA73033,2.0
412,2020,EA73174,40.0
413,2020,EA73251,339.0
414,2020,EA73265,2.0
415,2020,EA73989,7.0
415,2020,EA73989,7.0
416,2020,EA73990,21.0
416,2020,EA73990,21.0
417,2020,EA74128,290.0
418,2020,EA74901,6.0
419,2020,EA74949,29.0
420,2020,EA74969,42.0
420,2020,EA74969,42.0
421,2020,EA75128,159.0
421,2020,EA75128,159.0
422,2020,EA75227,3.0
422,2020,EA75227,3.0
423,2020,EA76737,4.0
423,2020,EA76737,4.0
423,2020,EA76737,4.0
424,2020,EA76853,1.0
425,2020,EA76881,122.0
426,2020,EA77147,1.0
426,2020,EA77147,1.0
427,2020,EA77202,290.0
428,2020,EA67096,39.0
429,2020,EA77303,25.0
430,2020,EA77640,120.0
431,2020,EA78019,5.0
431,2020,EA78019,5.0
432,2020,EA78212,7.0
432,2020,EA78212,7.0
434,2020,EA78864,75.0
434,2020,EA78864,75.0
435,2020,EA79102,39.0
436,2020,EA79152,3.0
436,2020,EA79152,3.0
437,2020,EA79203,1.0
437,2020,EA79203,1.0
437,2020,EA79203,1.0
438,2020,EA79638,297.0
439,2020,EA80250,25.0
440,2020,EA80482,1.0
440,2020,EA80482,1.0
441,2020,EA80866,127.0
441,2020,EA80866,127.0
442,2020,EA80874,2.0
443,2020,EA80947,146.0
443,2020,EA80947,146.0
444,2020,EA81605,26.0
445,2020,EA81764,25.0
446,2020,EA82357,4.0
446,2020,EA82357,4.0
447,2020,EA82464,122.0
448,2020,3876903,263.0
449,2020,EA82611,278.0
450,2020,3888029,263.0
451,2020,EA82572,7.0
451,2020,EA82572,7.0
452,2020,EA82776,14.0
452,2020,EA82776,14.0
453,2020,EA82947,8.0
453,2020,EA82947,8.0
454,2020,EA83012,8.0
454,2020,EA83012,8.0
454,2020,EA83012,8.0
455,2020,EA83045,290.0
455,2020,EA83045,290.0
456,2020,EA83702,1.0
456,2020,EA83702,1.0
457,2020,EA83720,5.0
458,2020,EA83757,297.0
459,2020,EA83966,2.0
460,2020,EA84145,12.0
460,2020,EA84145,12.0
460,2020,EA84145,12.0
460,2020,EA84145,12.0
461,2020,EA50369,242.0
461,2020,EA50369,242.0
462,2020,EA71532,4.0
463,2020,EA76935,127.0
463,2020,EA76935,127.0
464,2020,EA85180,330.0
464,2020,EA85180,330.0
465,2020,EA85186,17.0
466,2020,EA85825,25.0
466,2020,EA85825,25.0
467,2020,EA86059,330.0
468,2020,EA86258,146.0
468,2020,EA86258,146.0
469,2020,EA87213,39.0
469,2020,EA87213,39.0
470,2020,EA87238,25.0
471,2020,EA88190,59.0
472,2020,EA86312,7.0
472,2020,EA86312,7.0
472,2020,EA86312,7.0
472,2020,EA86312,7.0
472,2020,EA86312,7.0
472,2020,EA86312,7.0
472,2020,EA86312,7.0
473,2020,EA86405,31.0
473,2020,EA86405,31.0
474,2020,EA86958,3.0
474,2020,EA86958,3.0
475,2020,EA87208,39.0
476,2020,EA87388,290.0
476,2020,EA87388,290.0
477,2020,EA87877,188.0
477,2020,EA87877,188.0
478,2020,EA88054,35.0
479,2020,EA88326,150.0
480,2020,EA88404,278.0
481,2020,EA88409,146.0
482,2020,EA88450,4.0
482,2020,EA88450,4.0
483,2020,EA88463,288.0
483,2020,EA88463,288.0
484,2020,EA88613,31.0
485,2020,EA88710,41.0
486,2020,EA88835,6.0
486,2020,EA88835,6.0
487,2020,EA88903,2.0
488,2020,EA89281,8.0
489,2020,EA89307,52.0
490,2020,EA87538,263.0
491,2020,EA89833,2.0
492,2020,EA90144,1.0
492,2020,EA90144,1.0
492,2020,EA90144,1.0
492,2020,EA90144,1.0
492,2020,EA90144,1.0
493,2020,EA90535,19.0
494,2020,EA90642,2.0
494,2020,EA90642,2.0
495,2020,EA85731,2.0
496,2020,EA90757,290.0
497,2020,EA91148,290.0
498,2020,EA83726,163.0
498,2020,EA83726,163.0
499,2020,EA87920,184.0
500,2020,EA89052,26.0
501,2020,EA91837,303.0
501,2020,EA91837,303.0
502,2020,EA91879,3.0
503,2020,EA91976,4.0
503,2020,EA91976,4.0
504,2020,EA92060,2.0
504,2020,EA92060,2.0
505,2020,EA92348,2.0
505,2020,EA92348,2.0
506,2020,EA92704,2.0
507,2020,EA93632,2.0
508,2020,EA93821,2.0
508,2020,EA93821,2.0
508,2020,EA93821,2.0
508,2020,EA93821,2.0
509,2020,EA93964,2.0
510,2020,EA94341,39.0
511,2020,EA94737,8.0
511,2020,EA94737,8.0
512,2020,EA95217,122.0
513,2020,3840330,344.0
514,2020,EA86530,42.0
515,2020,3840261,344.0
516,2020,EB00058,13.0
517,2020,EB00484,6.0
517,2020,EB00484,6.0
517,2020,EB00484,6.0
518,2020,EB04925,39.0
519,2020,EA74442,4.0
519,2020,EA74442,4.0
521,2020,EB12223,39.0
522,2020,3854898,263.0
523,2020,EB16319,39.0
523,2020,EB16319,39.0
524,2020,EB14704,39.0
525,2020,3854920,263.0
525,2020,3854920,263.0
526,2020,EA16333,127.0
526,2020,EA16333,127.0
526,2020,EA16333,127.0
526,2020,EA16333,127.0
527,2020,EB10973,199.0
528,2020,EA82050,242.0
528,2020,EA82050,242.0
530,2020,EA63825,55.0
531,2020,EA09539,189.0
532,2020,EA19824,146.0
532,2020,EA19824,146.0
533,2020,3841241,40.0
534,2020,3837909,263.0
535,2020,3838326,263.0
536,2020,EA39149,25.0
537,2020,EA20154,160.0
538,2020,EA24009,250.0
538,2020,EA24009,250.0
539,2020,EA26160,2.0
539,2020,EA26160,2.0
540,2020,EA30827,297.0
541,2020,EA38472,40.0
542,2020,EA42544,35.0
542,2020,EA42544,35.0
543,2020,EA44374,122.0
543,2020,EA44374,122.0
543,2020,EA44374,122.0
544,2020,EA45610,305.0
545,2020,EA50520,3.0
546,2020,EA51551,14.0
547,2020,EA51909,31.0
548,2020,EA59236,278.0
549,2020,EA60897,160.0
549,2020,EA60897,160.0
550,2020,3888076,263.0
551,2020,000TECH,158.0
552,2020,3847800,263.0
553,2020,TECH RE,288.0
554,2020,3267505,34.0
555,2020,EA04849,127.0
555,2020,EA04849,127.0
556,2020,EA56133,290.0
557,2020,EA59797,83.0
558,2020,EA67727,290.0
558,2020,EA67727,290.0
559,2020,EA70015,330.0
559,2020,EA70015,330.0
560,2020,EA70533,248.0
561,2020,EA75144,7.0
562,2020,EA76827,35.0
563,2020,EA81279,267.0
564,2020,EA83637,42.0
565,2020,EA86753,290.0
566,2020,EA87870,248.0
566,2020,EA87870,248.0
567,2020,EA87982,22.0
567,2020,EA87982,22.0
568,2020,EA88391,330.0
568,2020,EA88391,330.0
569,2020,EA72522,6.0
569,2020,EA72522,6.0
570,2020,3874481,67.0
571,2020,3847936,
572,2020,EA81348,278.0
573,2020,TECH L4,
574,2020,3856869,263.0
575,2020,TECH J5,8.0
575,2020,TECH J5,8.0
1,2021,EA94835,16.0
2,2021,EA95013,4.0
3,2021,EA95083,2.0
4,2021,EA95193,16.0
5,2021,EA96301,4.0
5,2021,EA96301,4.0
6,2021,EA96367,4.0
6,2021,EA96367,4.0
6,2021,EA96367,4.0
7,2021,EA97117,278.0
8,2021,EA98325,4.0
9,2021,EA98229,5.0
9,2021,EA98229,5.0
10,2021,EA98278,278.0
11,2021,EA98449,3.0
11,2021,EA98449,3.0
12,2021,EA98536,1.0
12,2021,EA98536,1.0
12,2021,EA98536,1.0
13,2021,EA99067,35.0
14,2021,EA99218,4.0
15,2021,EA99542,8.0
15,2021,EA99542,8.0
16,2021,EA99781,29.0
18,2021,EB00140,35.0
20,2021,EB00613,5.0
21,2021,EB00697,35.0
22,2021,EB00762,3.0
23,2021,EB01018,7.0
24,2021,EB00489,263.0
25,2021,EB01105,1.0
25,2021,EB01105,1.0
26,2021,EB01130,5.0
26,2021,EB01130,5.0
28,2021,EB02003,7.0
28,2021,EB02003,7.0
28,2021,EB02003,7.0
30,2021,EB02768,25.0
32,2021,EB01125,39.0
33,2021,EB04026,2.0
33,2021,EB04026,2.0
33,2021,EB04026,2.0
33,2021,EB04026,2.0
34,2021,EB04462,11.0
34,2021,EB04462,11.0
35,2021,EB05287,39.0
35,2021,EB05287,39.0
36,2021,EB05893,8.0
36,2021,EB05893,8.0
37,2021,EB06299,40.0
38,2021,EB06398,5.0
39,2021,EB06443,5.0
39,2021,EB06443,5.0
40,2021,EB06654,5.0
41,2021,EB06747,6.0
42,2021,EB07082,315.0
42,2021,EB07082,315.0
43,2021,EB07085,25.0
44,2021,3881326,263.0
45,2021,EB07892,29.0
46,2021,EB10266,1.0
46,2021,EB10266,1.0
47,2021,EB10644,8.0
47,2021,EB10644,8.0
48,2021,EB10945,5.0
48,2021,EB10945,5.0
48,2021,EB10945,5.0
48,2021,EB10945,5.0
49,2021,EB11024,38.0
51,2021,EB11532,7.0
51,2021,EB11532,7.0
52,2021,EB11683,1.0
52,2021,EB11683,1.0
53,2021,EB11738,7.0
54,2021,EB11756,7.0
55,2021,EB11869,3.0
56,2021,EB11870,35.0
56,2021,EB11870,35.0
57,2021,EB11954,290.0
58,2021,EB12098,1.0
58,2021,EB12098,1.0
58,2021,EB12098,1.0
58,2021,EB12098,1.0
58,2021,EB12098,1.0
58,2021,EB12098,1.0
59,2021,EB11102,1.0
59,2021,EB11102,1.0
59,2021,EB11102,1.0
60,2021,EB12645,42.0
61,2021,EB12777,8.0
62,2021,EB12826,21.0
63,2021,EB12953,4.0
64,2021,EB13106,7.0
65,2021,EB13444,3.0
65,2021,EB13444,3.0
65,2021,EB13444,3.0
66,2021,EB14067,278.0
67,2021,EB14081,305.0
68,2021,EB14232,3.0
68,2021,EB14232,3.0
69,2021,3848252,263.0
70,2021,EB14483,3.0
71,2021,EB15307,3.0
71,2021,EB15307,3.0
71,2021,EB15307,3.0
71,2021,EB15307,3.0
72,2021,EB15552,35.0
72,2021,EB15552,35.0
73,2021,EB15826,40.0
74,2021,EB16509,35.0
75,2021,EB17222,303.0
75,2021,EB17222,303.0
76,2021,EB17427,2.0
76,2021,EB17427,2.0
77,2021,EB18085,247.0
78,2021,EB18166,1.0
78,2021,EB18166,1.0
79,2021,EB18517,35.0
80,2021,EB18553,7.0
81,2021,EB18722,2.0
81,2021,EB18722,2.0
82,2021,EB18684,197.0
82,2021,EB18684,197.0
83,2021,EB18792,14.0
83,2021,EB18792,14.0
84,2021,EB18960,1.0
85,2021,EB19556,6.0
85,2021,EB19556,6.0
87,2021,EB19641,248.0
88,2021,EB19651,35.0
89,2021,EB19893,6.0
89,2021,EB19893,6.0
89,2021,EB19893,6.0
90,2021,EB20162,248.0
90,2021,EB20162,248.0
90,2021,EB20162,248.0
90,2021,EB20162,248.0
91,2021,EB20373,31.0
92,2021,EB20502,73.0
92,2021,EB20502,73.0
92,2021,EB20502,73.0
92,2021,EB20502,73.0
93,2021,EB20896,26.0
94,2021,EB21078,39.0
94,2021,EB21078,39.0
94,2021,EB21078,39.0
96,2021,3881451,263.0
97,2021,EB18345,3.0
97,2021,EB18345,3.0
98,2021,EB21496,36.0
99,2021,EB21651,197.0
99,2021,EB21651,197.0
100,2021,EB21855,35.0
100,2021,EB21855,35.0
101,2021,EB21889,122.0
102,2021,EB22729,7.0
103,2021,EB22784,2.0
103,2021,EB22784,2.0
104,2021,EB23200,35.0
105,2021,EB23217,35.0
106,2021,EB23228,5.0
107,2021,EB23232,6.0
109,2021,EB23704,330.0
110,2021,EB24097,4.0
110,2021,EB24097,4.0
111,2021,EB24658,160.0
111,2021,EB24658,160.0
112,2021,EB25401,56.0
113,2021,EB25402,25.0
113,2021,EB25402,25.0
113,2021,EB25402,25.0
113,2021,EB25402,25.0
114,2021,3836207,263.0
115,2021,3889701,344.0
116,2021,EB08960,4.0
116,2021,EB08960,4.0
117,2021,EB09180,2.0
119,2021,EB25790,146.0
120,2021,EB26039,6.0
121,2021,EB26318,13.0
122,2021,EB26420,11.0
123,2021,EB26803,3.0
123,2021,EB26803,3.0
124,2021,EB27240,5.0
125,2021,EB04562,14.0
125,2021,EB04562,14.0
126,2021,EB28603,5.0
128,2021,EB28873,2.0
129,2021,3835780,263.0
130,2021,EB29229,8.0
131,2021,EB29420,348.0
132,2021,EB29540,42.0
133,2021,EB29885,1.0
133,2021,EB29885,1.0
134,2021,EB30444,278.0
134,2021,EB30444,278.0
135,2021,EB30980,35.0
135,2021,EB30980,35.0
136,2021,EB31636,330.0
137,2021,EB31641,150.0
137,2021,EB31641,150.0
138,2021,EB31696,128.0
139,2021,EB31730,42.0
140,2021,EB31925,6.0
140,2021,EB31925,6.0
141,2021,EB32213,5.0
141,2021,EB32213,5.0
142,2021,EB32331,35.0
143,2021,EB32533,106.0
144,2021,EB32701,3.0
145,2021,EB32481,5.0
145,2021,EB32481,5.0
146,2021,EB32728,278.0
148,2021,EB32896,4.0
149,2021,EB33114,39.0
150,2021,EB33270,1.0
150,2021,EB33270,1.0
151,2021,EB33553,3.0
151,2021,EB33553,3.0
152,2021,EB29648,3.0
152,2021,EB29648,3.0
153,2021,EB33980,8.0
154,2021,EB34122,42.0
154,2021,EB34122,42.0
155,2021,EB31105,289.0
156,2021,3751020,263.0
157,2021,EB34616,8.0
158,2021,EB34650,5.0
158,2021,EB34650,5.0
158,2021,EB34650,5.0
158,2021,EB34650,5.0
159,2021,EB34721,3.0
160,2021,EB35004,5.0
161,2021,EB35140,278.0
161,2021,EB35140,278.0
161,2021,EB35140,278.0
162,2021,EB35883,22.0
163,2021,EB35531,1.0
163,2021,EB35531,1.0
165,2021,EB37724,2.0
166,2021,EB37822,35.0
167,2021,EB37833,160.0
168,2021,EB38015,250.0
168,2021,EB38015,250.0
168,2021,EB38015,250.0
169,2021,EB38080,6.0
170,2021,EB38174,8.0
170,2021,EB38174,8.0
171,2021,EB38291,3.0
172,2021,EB38485,127.0
172,2021,EB38485,127.0
173,2021,EB38704,35.0
173,2021,EB38704,35.0
174,2021,EB38875,40.0
175,2021,EB38877,40.0
176,2021,EB39123,7.0
178,2021,EB39544,36.0
178,2021,EB39544,36.0
179,2021,EB39662,39.0
180,2021,EB39743,71.0
181,2021,EB38096,1.0
183,2021,EB41199,5.0
183,2021,EB41199,5.0
184,2021,EB41231,5.0
184,2021,EB41231,5.0
185,2021,3906102,263.0
186,2021,EB41625,127.0
186,2021,EB41625,127.0
187,2021,3835781,263.0
188,2021,EB00988,8.0
188,2021,EB00988,8.0
189,2021,EB41754,278.0
190,2021,EB41940,21.0
190,2021,EB41940,21.0
191,2021,EB42078,5.0
192,2021,EB42084,2.0
192,2021,EB42084,2.0
193,2021,EB42524,2.0
194,2021,EB42907,7.0
195,2021,EB43349,339.0
195,2021,EB43349,339.0
196,2021,EB43365,40.0
197,2021,EB43467,2.0
197,2021,EB43467,2.0
198,2021,EB43551,35.0
199,2021,EB43845,2.0
200,2021,EB43874,5.0
200,2021,EB43874,5.0
201,2021,EB43920,7.0
201,2021,EB43920,7.0
202,2021,EB43981,3.0
202,2021,EB43981,3.0
202,2021,EB43981,3.0
204,2021,EB44679,1.0
205,2021,3889576,344.0
205,2021,3889576,344.0
206,2021,EB44992,7.0
207,2021,EB45515,290.0
207,2021,EB45515,290.0
208,2021,3857337,263.0
208,2021,3857337,263.0
209,2021,EB45224,5.0
209,2021,EB45224,5.0
209,2021,EB45224,5.0
210,2021,EB45560,339.0
210,2021,EB45560,339.0
211,2021,EB45576,40.0
212,2021,EB45852,129.0
212,2021,EB45852,129.0
213,2021,EB45897,5.0
214,2021,EB46040,2.0
214,2021,EB46040,2.0
215,2021,EB46187,7.0
216,2021,EB46414,1.0
217,2021,EB46741,4.0
217,2021,EB46741,4.0
218,2021,EB46971,5.0
218,2021,EB46971,5.0
218,2021,EB46971,5.0
219,2021,EB47300,4.0
219,2021,EB47300,4.0
219,2021,EB47300,4.0
220,2021,EB47732,2.0
221,2021,EB47880,6.0
221,2021,EB47880,6.0
221,2021,EB47880,6.0
221,2021,EB47880,6.0
222,2021,EB48095,169.0
223,2021,EB44623,146.0
223,2021,EB44623,146.0
224,2021,EB48197,21.0
224,2021,EB48197,21.0
225,2021,EB48287,8.0
226,2021,EB48319,26.0
227,2021,EB48537,25.0
228,2021,EB48690,13.0
229,2021,EB48935,4.0
229,2021,EB48935,4.0
230,2021,EB49167,7.0
230,2021,EB49167,7.0
231,2021,EB49255,47.0
232,2021,EB49284,3.0
232,2021,EB49284,3.0
233,2021,EB50022,1.0
234,2021,EB50231,173.0
236,2021,EB50476,14.0
236,2021,EB50476,14.0
238,2021,EB50828,36.0
239,2021,EB50859,146.0
239,2021,EB50859,146.0
240,2021,EB51169,3.0
241,2021,EB50837,5.0
242,2021,EB51229,8.0
243,2021,EB51414,26.0
243,2021,EB51414,26.0
244,2021,EB51688,3.0
244,2021,EB51688,3.0
245,2021,EB51784,1.0
245,2021,EB51784,1.0
246,2021,EB52007,3.0
247,2021,EB52010,35.0
247,2021,EB52010,35.0
248,2021,EB52131,6.0
248,2021,EB52131,6.0
249,2021,EB52140,25.0
250,2021,EB52141,25.0
251,2021,EB52144,1.0
252,2021,EB52161,262.0
252,2021,EB52161,262.0
252,2021,EB52161,262.0
253,2021,EB52301,8.0
254,2021,EB52442,35.0
254,2021,EB52442,35.0
255,2021,EB52680,35.0
256,2021,EB52782,35.0
258,2021,EB37109,3.0
259,2021,EB49608,7.0
260,2021,EB50122,3.0
261,2021,EB53745,146.0
261,2021,EB53745,146.0
262,2021,EB53787,2.0
262,2021,EB53787,2.0
263,2021,EB53645,25.0
263,2021,EB53645,25.0
264,2021,EB54177,35.0
265,2021,EB53936,6.0
266,2021,EB54089,277.0
266,2021,EB54089,277.0
267,2021,EB54358,2.0
267,2021,EB54358,2.0
268,2021,EB54394,330.0
269,2021,EB54578,39.0
270,2021,EB54862,31.0
271,2021,EB54942,3.0
272,2021,EB55152,160.0
272,2021,EB55152,160.0
273,2021,EB54841,55.0
274,2021,EB55166,297.0
274,2021,EB55166,297.0
275,2021,EB55170,21.0
275,2021,EB55170,21.0
276,2021,EB55286,5.0
277,2021,EB55485,2.0
277,2021,EB55485,2.0
279,2021,EB55639,4.0
279,2021,EB55639,4.0
280,2021,EB55776,146.0
281,2021,EB55845,35.0
282,2021,EB55878,4.0
282,2021,EB55878,4.0
283,2021,EB55904,57.0
283,2021,EB55904,57.0
284,2021,EB55918,290.0
284,2021,EB55918,290.0
285,2021,EB56262,2.0
286,2021,EB56433,6.0
286,2021,EB56433,6.0
286,2021,EB56433,6.0
287,2021,EB36830,2.0
288,2021,EB36670,4.0
289,2021,EB57005,26.0
290,2021,EB57248,1.0
291,2021,EB57277,5.0
291,2021,EB57277,5.0
292,2021,EB57524,1.0
292,2021,EB57524,1.0
293,2021,EB57697,169.0
294,2021,EB57764,8.0
296,2021,3835736,263.0
297,2021,EB43891,3.0
297,2021,EB43891,3.0
298,2021,EB57701,6.0
298,2021,EB57701,6.0
299,2021,EB57796,2.0
300,2021,EB58029,35.0
302,2021,EB58353,160.0
303,2021,EB58673,2.0
303,2021,EB58673,2.0
304,2021,EB58675,4.0
305,2021,EB58842,248.0
305,2021,EB58842,248.0
305,2021,EB58842,248.0
305,2021,EB58842,248.0
306,2021,EB58947,278.0
306,2021,EB58947,278.0
307,2021,EB59087,1.0
307,2021,EB59087,1.0
308,2021,EB59940,5.0
309,2021,EB59977,3.0
310,2021,EB60039,290.0
310,2021,EB60039,290.0
310,2021,EB60039,290.0
310,2021,EB60039,290.0
311,2021,EB60320,1.0
311,2021,EB60320,1.0
312,2021,EB60816,7.0
312,2021,EB60816,7.0
314,2021,3835802,263.0
315,2021,EB60893,290.0
315,2021,EB60893,290.0
317,2021,EB61224,3.0
318,2021,EB61237,109.0
318,2021,EB61237,109.0
318,2021,EB61237,109.0
319,2021,EB61849,25.0
319,2021,EB61849,25.0
320,2021,EB61883,305.0
320,2021,EB61883,305.0
320,2021,EB61883,305.0
321,2021,3906392,263.0
321,2021,3906392,263.0
323,2021,EB62133,21.0
323,2021,EB62133,21.0
324,2021,EB62134,21.0
325,2021,EB62668,7.0
325,2021,EB62668,7.0
326,2021,EB62748,184.0
327,2021,EB63072,1.0
328,2021,EB63125,222.0
329,2021,EB63186,3.0
329,2021,EB63186,3.0
330,2021,3889826,344.0
331,2021,EB63518,20.0
332,2021,EB63713,25.0
333,2021,EB63718,1.0
335,2021,EB64306,3.0
336,2021,EB64581,4.0
336,2021,EB64581,4.0
337,2021,EB64590,127.0
337,2021,EB64590,127.0
338,2021,EB64623,5.0
339,2021,EB64828,330.0
340,2021,EB64981,31.0
341,2021,EB65144,7.0
341,2021,EB65144,7.0
342,2021,EB65784,2.0
343,2021,EB66022,330.0
343,2021,EB66022,330.0
344,2021,EB66210,48.0
345,2021,EB66223,146.0
346,2021,EB66232,6.0
347,2021,EB66342,238.0
348,2021,EB66282,278.0
349,2021,EB66917,1.0
350,2021,EB66987,2.0
350,2021,EB66987,2.0
350,2021,EB66987,2.0
351,2021,EB67261,7.0
351,2021,EB67261,7.0
352,2021,EB67467,163.0
352,2021,EB67467,163.0
353,2021,EB68431,349.0
353,2021,EB68431,349.0
353,2021,EB68431,349.0
354,2021,EB68435,146.0
355,2021,EB68443,13.0
358,2021,EB70135,278.0
358,2021,EB70135,278.0
359,2021,EB70312,1.0
360,2021,EB70397,59.0
360,2021,EB70397,59.0
361,2021,EB70497,278.0
361,2021,EB70497,278.0
362,2021,EB70533,4.0
363,2021,EB70595,39.0
364,2021,EB70652,40.0
365,2021,EB27480,278.0
365,2021,EB27480,278.0
366,2021,EB64509,122.0
367,2021,EB70644,26.0
368,2021,EB70747,6.0
369,2021,EB70995,8.0
369,2021,EB70995,8.0
370,2021,EB71298,7.0
370,2021,EB71298,7.0
371,2021,EB71805,1.0
371,2021,EB71805,1.0
372,2021,EB72079,184.0
373,2021,EB72174,290.0
374,2021,EB72403,122.0
374,2021,EB72403,122.0
375,2021,EB72441,39.0
375,2021,EB72441,39.0
376,2021,EB72444,39.0
376,2021,EB72444,39.0
376,2021,EB72444,39.0
377,2021,EB69481,14.0
378,2021,EB72915,40.0
379,2021,EB73132,35.0
379,2021,EB73132,35.0
380,2021,EB73152,13.0
381,2021,3835994,263.0
382,2021,3888998,263.0
383,2021,EB73409,5.0
383,2021,EB73409,5.0
384,2021,EB73468,6.0
384,2021,EB73468,6.0
385,2021,EB73636,29.0
385,2021,EB73636,29.0
386,2021,EB73928,7.0
386,2021,EB73928,7.0
387,2021,EB74003,8.0
388,2021,EB74033,229.0
388,2021,EB74033,229.0
389,2021,EB74082,4.0
389,2021,EB74082,4.0
390,2021,EB74510,1.0
391,2021,EB74561,31.0
392,2021,EB74709,122.0
392,2021,EB74709,122.0
393,2021,EB74821,3.0
394,2021,EB74825,7.0
395,2021,EB74826,7.0
395,2021,EB74826,7.0
395,2021,EB74826,7.0
396,2021,EB74915,297.0
397,2021,EB75190,7.0
397,2021,EB75190,7.0
397,2021,EB75190,7.0
397,2021,EB75190,7.0
397,2021,EB75190,7.0
398,2021,EB75545,337.0
399,2021,EB75553,337.0
400,2021,EB75627,5.0
401,2021,EB75668,5.0
402,2021,EB76153,7.0
403,2021,EB76274,112.0
404,2021,EB76600,278.0
405,2021,EB76827,146.0
406,2021,EB76902,2.0
406,2021,EB76902,2.0
407,2021,EB77005,40.0
407,2021,EB77005,40.0
409,2021,EB77288,5.0
410,2021,EB77403,11.0
410,2021,EB77403,11.0
411,2021,EB77458,7.0
411,2021,EB77458,7.0
412,2021,EB77843,222.0
412,2021,EB77843,222.0
412,2021,EB77843,222.0
412,2021,EB77843,222.0
413,2021,EB77921,4.0
413,2021,EB77921,4.0
414,2021,EB78244,3.0
414,2021,EB78244,3.0
415,2021,EB78581,127.0
416,2021,EB78749,197.0
416,2021,EB78749,197.0
417,2021,EB17886,278.0
418,2021,EB78757,337.0
419,2021,EB79155,146.0
419,2021,EB79155,146.0
420,2021,EB79189,29.0
421,2021,EB79210,7.0
422,2021,EB79303,7.0
422,2021,EB79303,7.0
423,2021,EB79313,33.0
424,2021,EB79411,1.0
425,2021,EB79550,1.0
425,2021,EB79550,1.0
425,2021,EB79550,1.0
426,2021,EB79863,40.0
427,2021,EB80706,127.0
428,2021,EB80717,3.0
428,2021,EB80717,3.0
428,2021,EB80717,3.0
429,2021,EB81597,8.0
429,2021,EB81597,8.0
430,2021,EB81819,290.0
431,2021,EB81853,26.0
432,2021,EB82027,35.0
432,2021,EB82027,35.0
433,2021,EB82080,21.0
434,2021,EB83027,180.0
434,2021,EB83027,180.0
434,2021,EB83027,180.0
435,2021,EB83136,25.0
436,2021,EB83156,242.0
437,2021,EB83183,1.0
437,2021,EB83183,1.0
438,2021,EB83265,6.0
438,2021,EB83265,6.0
438,2021,EB83265,6.0
439,2021,EB83918,42.0
439,2021,EB83918,42.0
440,2021,EB84228,4.0
440,2021,EB84228,4.0
440,2021,EB84228,4.0
440,2021,EB84228,4.0
441,2021,EB84527,290.0
441,2021,EB84527,290.0
442,2021,EB31997,278.0
443,2021,EB75870,2.0
443,2021,EB75870,2.0
444,2021,EB78476,3.0
444,2021,EB78476,3.0
445,2021,EB84669,1.0
445,2021,EB84669,1.0
446,2021,EB84744,3.0
446,2021,EB84744,3.0
447,2021,EB85119,1.0
447,2021,EB85119,1.0
449,2021,EB85980,14.0
450,2021,EB86461,2.0
450,2021,EB86461,2.0
450,2021,EB86461,2.0
451,2021,EB86625,1.0
452,2021,EB86798,160.0
453,2021,EB87207,1.0
454,2021,EB87247,4.0
455,2021,EB87134,3.0
455,2021,EB87134,3.0
455,2021,EB87134,3.0
456,2021,EB84667,242.0
458,2021,EB86194,290.0
458,2021,EB86194,290.0
459,2021,EB87829,4.0
460,2021,EB87960,3.0
461,2021,EB88236,6.0
461,2021,EB88236,6.0
462,2021,EB88238,14.0
463,2021,EB88241,14.0
464,2021,EB88476,8.0
464,2021,EB88476,8.0
464,2021,EB88476,8.0
465,2021,EB89089,21.0
466,2021,EB89247,3.0
467,2021,EB89332,18.0
468,2021,EB89450,21.0
468,2021,EB89450,21.0
469,2021,EB89572,242.0
470,2021,EB89727,6.0
470,2021,EB89727,6.0
470,2021,EB89727,6.0
471,2021,EB63721,14.0
471,2021,EB63721,14.0
472,2021,EB90180,4.0
473,2021,EB90345,3.0
474,2021,EB90445,7.0
474,2021,EB90445,7.0
475,2021,EB90887,4.0
475,2021,EB90887,4.0
476,2021,EB91189,7.0
476,2021,EB91189,7.0
476,2021,EB91189,7.0
477,2021,EB91089,2.0
477,2021,EB91089,2.0
478,2021,EB91124,6.0
479,2021,EB91353,1.0
480,2021,EB91488,146.0
480,2021,EB91488,146.0
480,2021,EB91488,146.0
481,2021,EB91198,8.0
481,2021,EB91198,8.0
481,2021,EB91198,8.0
482,2021,EB91747,2.0
482,2021,EB91747,2.0
483,2021,EB92106,6.0
483,2021,EB92106,6.0
484,2021,EB92141,7.0
486,2021,EB92278,7.0
487,2021,EB92927,160.0
487,2021,EB92927,160.0
488,2021,EB93013,337.0
488,2021,EB93013,337.0
489,2021,EB93257,4.0
490,2021,EB93713,1.0
491,2021,EB93812,2.0
491,2021,EB93812,2.0
491,2021,EB93812,2.0
491,2021,EB93812,2.0
491,2021,EB93812,2.0
492,2021,EB93792,290.0
493,2021,3876530,263.0
494,2021,EB96130,5.0
494,2021,EB96130,5.0
495,2021,3895552,263.0
497,2021,EB77979,8.0
498,2021,EB88818,278.0
498,2021,EB88818,278.0
498,2021,EB88818,278.0
499,2021,EB93692,55.0
500,2021,EB93943,250.0
500,2021,EB93943,250.0
501,2021,EB94286,7.0
502,2021,EB94640,122.0
502,2021,EB94640,122.0
503,2021,EB94672,290.0
504,2021,EB94814,122.0
504,2021,EB94814,122.0
505,2021,EB95002,40.0
506,2021,EB95293,269.0
506,2021,EB95293,269.0
506,2021,EB95293,269.0
507,2021,EB96318,278.0
507,2021,EB96318,278.0
508,2021,EB96488,13.0
509,2021,EB96787,3.0
509,2021,EB96787,3.0
510,2021,EB97526,248.0
510,2021,EB97526,248.0
511,2021,EB98166,24.0
512,2021,EB85154,25.0
513,2021,EB98308,55.0
513,2021,EB98308,55.0
514,2021,EB98577,1.0
514,2021,EB98577,1.0
515,2021,EB98843,25.0
516,2021,EB98844,262.0
516,2021,EB98844,262.0
517,2021,EB98910,146.0
518,2021,3835913,263.0
519,2021,EB99501,297.0
519,2021,EB99501,297.0
519,2021,EB99501,297.0
520,2021,EB99821,349.0
520,2021,EB99821,349.0
521,2021,EC00006,6.0
521,2021,EC00006,6.0
522,2021,EC00259,7.0
523,2021,EC00427,11.0
524,2021,EC00562,278.0
524,2021,EC00562,278.0
525,2021,EC00695,7.0
525,2021,EC00695,7.0
525,2021,EC00695,7.0
526,2021,EC00697,7.0
528,2021,EC00958,163.0
529,2021,EB19311,250.0
530,2021,EB46806,8.0
531,2021,EB91021,35.0
531,2021,EB91021,35.0
532,2021,EC01168,1.0
533,2021,EC01176,122.0
534,2021,EC02885,14.0
535,2021,EC02897,8.0
535,2021,EC02897,8.0
536,2021,EC02930,5.0
537,2021,EC02983,248.0
538,2021,EC02996,26.0
538,2021,EC02996,26.0
539,2021,EC03270,35.0
540,2021,EC03319,25.0
541,2021,EC03641,278.0
542,2021,EC03812,2.0
542,2021,EC03812,2.0
543,2021,EC04290,2.0
543,2021,EC04290,2.0
544,2021,EC04402,6.0
544,2021,EC04402,6.0
545,2021,EC04549,236.0
546,2021,EC04851,3.0
546,2021,EC04851,3.0
546,2021,EC04851,3.0
547,2021,EC06172,337.0
548,2021,EC06178,4.0
548,2021,EC06178,4.0
549,2021,EC06498,330.0
550,2021,EC06619,159.0
550,2021,EC06619,159.0
551,2021,EC07136,2.0
551,2021,EC07136,2.0
551,2021,EC07136,2.0
552,2021,3895585,263.0
553,2021,EC07769,40.0
554,2021,EC07968,4.0
554,2021,EC07968,4.0
555,2021,EC08245,1.0
556,2021,EB76101,278.0
557,2021,EC08098,278.0
558,2021,EC09139,8.0
558,2021,EC09139,8.0
559,2021,EC10641,3.0
560,2021,EB17328,26.0
561,2021,EC05450,5.0
563,2021,3893620,263.0
565,2021,EB60491,39.0
566,2021,3897805,263.0
567,2021,EB95367,6.0
568,2021,3835763,263.0
569,2021,3876758,263.0
570,2021,EC04207,278.0
571,2021,EB44305,290.0
571,2021,EB44305,290.0
572,2021,EB67838,55.0
572,2021,EB67838,55.0
573,2021,EB67630,2.0
574,2021,EB67844,337.0
575,2021,0PM0709,199.0
575,2021,0PM0709,199.0
577,2021,3895594,263.0
578,2021,EC02007,7.0
579,2021,EB43931,278.0
580,2021,EB88208,40.0
582,2021,3834662,263.0
583,2021,3881736,263.0
583,2021,3881736,263.0
584,2021,3857333,263.0
585,2021,3903526,12.0
586,2021,3894008,263.0
587,2021,3889810,344.0
588,2021,3848049,263.0
589,2021,EB37894,135.0
589,2021,EB37894,135.0
589,2021,EB37894,135.0
590,2021,EB42775,19.0
591,2021,EB56434,290.0
591,2021,EB56434,290.0
592,2021,EB64300,34.0
593,2021,EB83137,262.0
594,2021,EB84557,35.0
595,2021,3890588,263.0
596,2021,EB48009,277.0
597,2021,3889903,344.0
598,2021,EB56571,290.0
598,2021,EB56571,290.0
599,2021,EB09646,45.0
599,2021,EB09646,45.0
600,2021,EB35608,346.0
601,2021,EB60921,35.0
602,2021,EB97839,248.0
603,2021,EB04005,278.0
604,2021,EB17396,40.0
605,2021,EB20278,63.0
605,2021,EB20278,63.0
606,2021,EB24863,35.0
607,2021,EB28406,35.0
608,2021,EB39478,35.0
608,2021,EB39478,35.0
609,2021,EB44315,129.0
609,2021,EB44315,129.0
610,2021,EB45400,346.0
610,2021,EB45400,346.0
611,2021,EB97658,130.0
612,2021,EC05553,25.0
612,2021,EC05553,25.0
612,2021,EC05553,25.0
613,2021,EB43049,171.0
613,2021,EB43049,171.0
614,2021,EB56748,213.0
614,2021,EB56748,213.0
615,2021,EA98151,263.0
616,2021,EA99060,2.0
617,2021,EB07358,248.0
618,2021,EB27254,330.0
618,2021,EB27254,330.0
619,2021,EB31034,248.0
620,2021,EB31981,298.0
620,2021,EB31981,298.0
621,2021,EB33439,330.0
622,2021,EB35062,25.0
622,2021,EB35062,25.0
623,2021,3890344,263.0
624,2021,EB52044,57.0
624,2021,EB52044,57.0
624,2021,EB52044,57.0
625,2021,3907086,263.0
626,2021,EB63350,40.0
627,2021,EB86913,30.0
628,2021,EC01621,290.0
628,2021,EC01621,290.0
628,2021,EC01621,290.0
629,2021,EC72616,39.0
630,2021,EB61178,289.0
631,2021,EB98551,1.0
631,2021,EB98551,1.0
631,2021,EB98551,1.0
631,2021,EB98551,1.0
631,2021,EB98551,1.0
631,2021,EB98551,1.0
631,2021,EB98551,1.0
631,2021,EB98551,1.0
631,2021,EB98551,1.0
631,2021,EB98551,1.0
632,2021,TECH080,32.0
633,2021,TECH031,32.0
634,2021,EB30534,303.0
635,2021,,344.0
636,2021,Incid08,334.0
636,2021,Incid08,334.0
638,2021,Incid09,334.0
639,2021,EB48605,263.0
639,2021,EB48605,263.0
640,2021,Inciden,42.0
